strategy,benchmark,config_id,success,area,latency,error_type,synthesis_time_s
Grid_offline_ref,matmul,0,True,430.0,21.0,,3.27
Grid_offline_ref,matmul,1,False,,,param_incompatibility,0.42
Grid_offline_ref,matmul,2,True,430.0,21.0,,2.42
Grid_offline_ref,matmul,3,True,430.0,21.0,,2.45
Grid_offline_ref,matmul,4,False,,,param_incompatibility,2.44
Grid_offline_ref,matmul,5,True,429.0,20.0,,2.45
Grid_offline_ref,matmul,6,True,496.0,25.0,,2.45
Grid_offline_ref,matmul,7,False,,,param_incompatibility,0.41
Grid_offline_ref,matmul,8,True,496.0,25.0,,2.45
Grid_offline_ref,matmul,9,True,496.0,25.0,,2.47
Grid_offline_ref,matmul,10,False,,,param_incompatibility,2.44
Grid_offline_ref,matmul,11,True,730.0,23.0,,2.47
Grid_offline_ref,matmul,12,True,445.0,16.0,,2.43
Grid_offline_ref,matmul,13,False,,,param_incompatibility,0.42
Grid_offline_ref,matmul,14,True,445.0,16.0,,2.48
Grid_offline_ref,matmul,15,True,445.0,16.0,,2.48
Grid_offline_ref,matmul,16,False,,,param_incompatibility,2.46
Grid_offline_ref,matmul,17,True,444.0,15.0,,2.47
Grid_offline_ref,matmul,18,True,545.0,17.0,,2.48
Grid_offline_ref,matmul,19,False,,,param_incompatibility,0.41
Grid_offline_ref,matmul,20,True,545.0,17.0,,2.5
Grid_offline_ref,matmul,21,True,545.0,17.0,,2.46
Grid_offline_ref,matmul,22,False,,,param_incompatibility,2.41
Grid_offline_ref,matmul,23,True,781.0,15.0,,2.46
Grid_offline_ref,matmul,24,True,445.0,12.0,,2.48
Grid_offline_ref,matmul,25,False,,,param_incompatibility,0.41
Grid_offline_ref,matmul,26,True,445.0,12.0,,2.47
Grid_offline_ref,matmul,27,True,445.0,12.0,,2.48
Grid_offline_ref,matmul,28,False,,,param_incompatibility,2.46
Grid_offline_ref,matmul,29,True,444.0,11.0,,2.47
Grid_offline_ref,matmul,30,True,545.0,16.0,,2.51
Grid_offline_ref,matmul,31,False,,,param_incompatibility,0.41
Grid_offline_ref,matmul,32,True,545.0,16.0,,2.45
Grid_offline_ref,matmul,33,True,545.0,16.0,,2.46
Grid_offline_ref,matmul,34,False,,,param_incompatibility,2.45
Grid_offline_ref,matmul,35,True,781.0,14.0,,2.52
Grid_offline_ref,matmul,36,True,445.0,11.0,,2.49
Grid_offline_ref,matmul,37,False,,,param_incompatibility,0.41
Grid_offline_ref,matmul,38,True,445.0,11.0,,2.47
Grid_offline_ref,matmul,39,True,445.0,11.0,,2.48
Grid_offline_ref,matmul,40,False,,,param_incompatibility,2.42
Grid_offline_ref,matmul,41,True,444.0,10.0,,2.44
Grid_offline_ref,matmul,42,True,545.0,15.0,,2.45
Grid_offline_ref,matmul,43,False,,,param_incompatibility,0.41
Grid_offline_ref,matmul,44,True,545.0,15.0,,2.47
Grid_offline_ref,matmul,45,True,545.0,15.0,,2.47
Grid_offline_ref,matmul,46,False,,,param_incompatibility,2.46
Grid_offline_ref,matmul,47,True,781.0,13.0,,2.49
Grid_offline_ref,matmul,48,True,445.0,10.0,,2.47
Grid_offline_ref,matmul,49,False,,,param_incompatibility,0.41
Grid_offline_ref,matmul,50,True,445.0,10.0,,2.46
Grid_offline_ref,matmul,51,True,445.0,10.0,,2.45
Grid_offline_ref,matmul,52,False,,,param_incompatibility,2.46
Grid_offline_ref,matmul,53,True,444.0,9.0,,2.47
Grid_offline_ref,matmul,54,True,545.0,14.0,,2.48
Grid_offline_ref,matmul,55,False,,,param_incompatibility,0.41
Grid_offline_ref,matmul,56,True,545.0,14.0,,2.46
Grid_offline_ref,matmul,57,True,545.0,14.0,,2.44
Grid_offline_ref,matmul,58,False,,,param_incompatibility,2.42
Grid_offline_ref,matmul,59,True,781.0,12.0,,2.46
Grid_offline_ref,matmul,60,True,445.0,10.0,,2.43
Grid_offline_ref,matmul,61,False,,,param_incompatibility,0.4
Grid_offline_ref,matmul,62,True,445.0,10.0,,2.43
Grid_offline_ref,matmul,63,True,445.0,10.0,,2.46
Grid_offline_ref,matmul,64,False,,,param_incompatibility,2.44
Grid_offline_ref,matmul,65,True,444.0,9.0,,2.46
Grid_offline_ref,matmul,66,True,545.0,14.0,,2.49
Grid_offline_ref,matmul,67,False,,,param_incompatibility,0.42
Grid_offline_ref,matmul,68,True,545.0,14.0,,2.47
Grid_offline_ref,matmul,69,True,545.0,14.0,,2.48
Grid_offline_ref,matmul,70,False,,,param_incompatibility,2.46
Grid_offline_ref,matmul,71,True,781.0,12.0,,2.45
Grid_offline_ref,matmul,72,True,445.0,10.0,,2.46
Grid_offline_ref,matmul,73,False,,,param_incompatibility,0.41
Grid_offline_ref,matmul,74,True,445.0,10.0,,2.5
Grid_offline_ref,matmul,75,True,445.0,10.0,,2.48
Grid_offline_ref,matmul,76,False,,,param_incompatibility,2.45
Grid_offline_ref,matmul,77,True,444.0,9.0,,2.5
Grid_offline_ref,matmul,78,True,545.0,14.0,,2.51
Grid_offline_ref,matmul,79,False,,,param_incompatibility,0.41
Grid_offline_ref,matmul,80,True,545.0,14.0,,2.51
Grid_offline_ref,matmul,81,True,545.0,14.0,,2.51
Grid_offline_ref,matmul,82,False,,,param_incompatibility,2.46
Grid_offline_ref,matmul,83,True,781.0,12.0,,2.62
Grid_offline_ref,matmul,84,False,,,pipeline_phi_conflict,2.46
Grid_offline_ref,matmul,85,False,,,param_incompatibility,0.41
Grid_offline_ref,matmul,86,False,,,pipeline_phi_conflict,2.42
Grid_offline_ref,matmul,87,False,,,pipeline_phi_conflict,2.44
Grid_offline_ref,matmul,88,False,,,pipeline_phi_conflict,2.44
Grid_offline_ref,matmul,89,False,,,pipeline_phi_conflict,2.48
Grid_offline_ref,matmul,90,False,,,pipeline_phi_conflict,2.5
Grid_offline_ref,matmul,91,False,,,param_incompatibility,0.41
Grid_offline_ref,matmul,92,False,,,pipeline_phi_conflict,2.48
Grid_offline_ref,matmul,93,False,,,pipeline_phi_conflict,2.46
Grid_offline_ref,matmul,94,False,,,pipeline_phi_conflict,2.46
Grid_offline_ref,matmul,95,False,,,pipeline_phi_conflict,2.47
Grid_offline_ref,matmul,96,False,,,param_incompatibility,2.51
Grid_offline_ref,matmul,97,False,,,param_incompatibility,0.43
Grid_offline_ref,matmul,98,False,,,param_incompatibility,2.49
Grid_offline_ref,matmul,99,False,,,param_incompatibility,2.48
Grid_offline_ref,matmul,100,False,,,param_incompatibility,2.45
Grid_offline_ref,matmul,101,False,,,param_incompatibility,2.47
Grid_offline_ref,matmul,102,False,,,param_incompatibility,2.43
Grid_offline_ref,matmul,103,False,,,param_incompatibility,0.41
Grid_offline_ref,matmul,104,False,,,param_incompatibility,2.44
Grid_offline_ref,matmul,105,False,,,param_incompatibility,2.42
Grid_offline_ref,matmul,106,False,,,param_incompatibility,2.41
Grid_offline_ref,matmul,107,False,,,param_incompatibility,2.42
Grid_offline_ref,matmul,108,False,,,param_incompatibility,2.46
Grid_offline_ref,matmul,109,False,,,param_incompatibility,0.42
Grid_offline_ref,matmul,110,False,,,param_incompatibility,2.46
Grid_offline_ref,matmul,111,False,,,param_incompatibility,2.45
Grid_offline_ref,matmul,112,False,,,param_incompatibility,2.44
Grid_offline_ref,matmul,113,False,,,param_incompatibility,2.44
Grid_offline_ref,matmul,114,False,,,param_incompatibility,2.41
Grid_offline_ref,matmul,115,False,,,param_incompatibility,0.4
Grid_offline_ref,matmul,116,False,,,param_incompatibility,2.41
Grid_offline_ref,matmul,117,False,,,param_incompatibility,2.43
Grid_offline_ref,matmul,118,False,,,param_incompatibility,2.42
Grid_offline_ref,matmul,119,False,,,param_incompatibility,2.42
Grid_offline_ref,matmul,120,False,,,param_incompatibility,2.41
Grid_offline_ref,matmul,121,False,,,param_incompatibility,0.41
Grid_offline_ref,matmul,122,False,,,param_incompatibility,2.45
Grid_offline_ref,matmul,123,False,,,param_incompatibility,2.43
Grid_offline_ref,matmul,124,False,,,param_incompatibility,2.45
Grid_offline_ref,matmul,125,False,,,param_incompatibility,2.42
Grid_offline_ref,matmul,126,False,,,param_incompatibility,2.42
Grid_offline_ref,matmul,127,False,,,param_incompatibility,0.41
Grid_offline_ref,matmul,128,False,,,param_incompatibility,2.44
Grid_offline_ref,matmul,129,False,,,param_incompatibility,2.44
Grid_offline_ref,matmul,130,False,,,param_incompatibility,2.46
Grid_offline_ref,matmul,131,False,,,param_incompatibility,2.43
Grid_offline_ref,matmul,132,False,,,pipeline_phi_conflict,2.43
Grid_offline_ref,matmul,133,False,,,param_incompatibility,0.41
Grid_offline_ref,matmul,134,False,,,pipeline_phi_conflict,2.42
Grid_offline_ref,matmul,135,False,,,pipeline_phi_conflict,2.43
Grid_offline_ref,matmul,136,False,,,pipeline_phi_conflict,2.43
Grid_offline_ref,matmul,137,False,,,pipeline_phi_conflict,2.43
Grid_offline_ref,matmul,138,False,,,pipeline_phi_conflict,2.41
Grid_offline_ref,matmul,139,False,,,param_incompatibility,0.41
Grid_offline_ref,matmul,140,False,,,pipeline_phi_conflict,2.43
Grid_offline_ref,matmul,141,False,,,pipeline_phi_conflict,2.43
Grid_offline_ref,matmul,142,False,,,pipeline_phi_conflict,2.45
Grid_offline_ref,matmul,143,False,,,pipeline_phi_conflict,2.44
Grid_offline_ref,matmul,144,False,,,param_incompatibility,2.41
Grid_offline_ref,matmul,145,False,,,param_incompatibility,0.41
Grid_offline_ref,matmul,146,False,,,param_incompatibility,2.43
Grid_offline_ref,matmul,147,False,,,param_incompatibility,2.45
Grid_offline_ref,matmul,148,False,,,param_incompatibility,2.44
Grid_offline_ref,matmul,149,False,,,param_incompatibility,2.42
Grid_offline_ref,matmul,150,False,,,param_incompatibility,2.44
Grid_offline_ref,matmul,151,False,,,param_incompatibility,0.41
Grid_offline_ref,matmul,152,False,,,param_incompatibility,2.42
Grid_offline_ref,matmul,153,False,,,param_incompatibility,2.41
Grid_offline_ref,matmul,154,False,,,param_incompatibility,2.42
Grid_offline_ref,matmul,155,False,,,param_incompatibility,2.4
Grid_offline_ref,matmul,156,False,,,param_incompatibility,2.45
Grid_offline_ref,matmul,157,False,,,param_incompatibility,0.41
Grid_offline_ref,matmul,158,False,,,param_incompatibility,2.46
Grid_offline_ref,matmul,159,False,,,param_incompatibility,2.41
Grid_offline_ref,matmul,160,False,,,param_incompatibility,2.43
Grid_offline_ref,matmul,161,False,,,param_incompatibility,2.44
Grid_offline_ref,matmul,162,False,,,param_incompatibility,2.49
Grid_offline_ref,matmul,163,False,,,param_incompatibility,0.41
Grid_offline_ref,matmul,164,False,,,param_incompatibility,2.44
Grid_offline_ref,matmul,165,False,,,param_incompatibility,2.43
Grid_offline_ref,matmul,166,False,,,param_incompatibility,2.45
Grid_offline_ref,matmul,167,False,,,param_incompatibility,2.42
Grid_offline_ref,matmul,168,False,,,param_incompatibility,2.45
Grid_offline_ref,matmul,169,False,,,param_incompatibility,0.42
Grid_offline_ref,matmul,170,False,,,param_incompatibility,2.44
Grid_offline_ref,matmul,171,False,,,param_incompatibility,2.42
Grid_offline_ref,matmul,172,False,,,param_incompatibility,2.46
Grid_offline_ref,matmul,173,False,,,param_incompatibility,2.42
Grid_offline_ref,matmul,174,False,,,param_incompatibility,2.55
Grid_offline_ref,matmul,175,False,,,param_incompatibility,0.41
Grid_offline_ref,matmul,176,False,,,param_incompatibility,2.45
Grid_offline_ref,matmul,177,False,,,param_incompatibility,2.48
Grid_offline_ref,matmul,178,False,,,param_incompatibility,2.44
Grid_offline_ref,matmul,179,False,,,param_incompatibility,2.45
Grid_offline_ref,matmul,180,False,,,pipeline_phi_conflict,2.48
Grid_offline_ref,matmul,181,False,,,param_incompatibility,0.41
Grid_offline_ref,matmul,182,False,,,pipeline_phi_conflict,2.51
Grid_offline_ref,matmul,183,False,,,pipeline_phi_conflict,2.5
Grid_offline_ref,matmul,184,False,,,pipeline_phi_conflict,2.51
Grid_offline_ref,matmul,185,False,,,pipeline_phi_conflict,2.5
Grid_offline_ref,matmul,186,False,,,pipeline_phi_conflict,2.46
Grid_offline_ref,matmul,187,False,,,param_incompatibility,0.42
Grid_offline_ref,matmul,188,False,,,pipeline_phi_conflict,2.53
Grid_offline_ref,matmul,189,False,,,pipeline_phi_conflict,2.51
Grid_offline_ref,matmul,190,False,,,pipeline_phi_conflict,2.46
Grid_offline_ref,matmul,191,False,,,pipeline_phi_conflict,2.44
Grid_offline_ref,matmul,192,False,,,param_incompatibility,2.48
Grid_offline_ref,matmul,193,False,,,param_incompatibility,0.41
Grid_offline_ref,matmul,194,False,,,param_incompatibility,2.49
Grid_offline_ref,matmul,195,False,,,param_incompatibility,2.47
Grid_offline_ref,matmul,196,False,,,param_incompatibility,2.46
Grid_offline_ref,matmul,197,False,,,param_incompatibility,2.44
Grid_offline_ref,matmul,198,False,,,param_incompatibility,2.45
Grid_offline_ref,matmul,199,False,,,param_incompatibility,0.41
Grid_offline_ref,matmul,200,False,,,param_incompatibility,2.43
Grid_offline_ref,matmul,201,False,,,param_incompatibility,2.49
Grid_offline_ref,matmul,202,False,,,param_incompatibility,2.44
Grid_offline_ref,matmul,203,False,,,param_incompatibility,2.44
Grid_offline_ref,matmul,204,False,,,param_incompatibility,2.42
Grid_offline_ref,matmul,205,False,,,param_incompatibility,0.41
Grid_offline_ref,matmul,206,False,,,param_incompatibility,2.45
Grid_offline_ref,matmul,207,False,,,param_incompatibility,2.46
Grid_offline_ref,matmul,208,False,,,param_incompatibility,2.42
Grid_offline_ref,matmul,209,False,,,param_incompatibility,2.45
Grid_offline_ref,matmul,210,False,,,param_incompatibility,2.5
Grid_offline_ref,matmul,211,False,,,param_incompatibility,0.41
Grid_offline_ref,matmul,212,False,,,param_incompatibility,2.45
Grid_offline_ref,matmul,213,False,,,param_incompatibility,2.44
Grid_offline_ref,matmul,214,False,,,param_incompatibility,2.43
Grid_offline_ref,matmul,215,False,,,param_incompatibility,2.44
Grid_offline_ref,matmul,216,False,,,param_incompatibility,2.43
Grid_offline_ref,matmul,217,False,,,param_incompatibility,0.41
Grid_offline_ref,matmul,218,False,,,param_incompatibility,2.44
Grid_offline_ref,matmul,219,False,,,param_incompatibility,2.48
Grid_offline_ref,matmul,220,False,,,param_incompatibility,2.45
Grid_offline_ref,matmul,221,False,,,param_incompatibility,2.47
Grid_offline_ref,matmul,222,False,,,param_incompatibility,2.45
Grid_offline_ref,matmul,223,False,,,param_incompatibility,0.42
Grid_offline_ref,matmul,224,False,,,param_incompatibility,2.47
Grid_offline_ref,matmul,225,False,,,param_incompatibility,2.44
Grid_offline_ref,matmul,226,False,,,param_incompatibility,2.44
Grid_offline_ref,matmul,227,False,,,param_incompatibility,2.42
Grid_offline_ref,matmul,228,False,,,pipeline_phi_conflict,2.45
Grid_offline_ref,matmul,229,False,,,param_incompatibility,0.41
Grid_offline_ref,matmul,230,False,,,pipeline_phi_conflict,2.42
Grid_offline_ref,matmul,231,False,,,pipeline_phi_conflict,2.45
Grid_offline_ref,matmul,232,False,,,pipeline_phi_conflict,2.52
Grid_offline_ref,matmul,233,False,,,pipeline_phi_conflict,2.45
Grid_offline_ref,matmul,234,False,,,pipeline_phi_conflict,2.43
Grid_offline_ref,matmul,235,False,,,param_incompatibility,0.41
Grid_offline_ref,matmul,236,False,,,pipeline_phi_conflict,2.45
Grid_offline_ref,matmul,237,False,,,pipeline_phi_conflict,2.44
Grid_offline_ref,matmul,238,False,,,pipeline_phi_conflict,2.45
Grid_offline_ref,matmul,239,False,,,pipeline_phi_conflict,2.45
Grid_offline_ref,matmul,240,False,,,param_incompatibility,2.46
Grid_offline_ref,matmul,241,False,,,param_incompatibility,0.43
Grid_offline_ref,matmul,242,False,,,param_incompatibility,2.55
Grid_offline_ref,matmul,243,False,,,param_incompatibility,2.51
Grid_offline_ref,matmul,244,False,,,param_incompatibility,2.53
Grid_offline_ref,matmul,245,False,,,param_incompatibility,2.54
Grid_offline_ref,matmul,246,False,,,param_incompatibility,2.43
Grid_offline_ref,matmul,247,False,,,param_incompatibility,0.41
Grid_offline_ref,matmul,248,False,,,param_incompatibility,2.44
Grid_offline_ref,matmul,249,False,,,param_incompatibility,2.42
Grid_offline_ref,matmul,250,False,,,param_incompatibility,2.44
Grid_offline_ref,matmul,251,False,,,param_incompatibility,2.44
Grid_offline_ref,matmul,252,False,,,param_incompatibility,2.44
Grid_offline_ref,matmul,253,False,,,param_incompatibility,0.41
Grid_offline_ref,matmul,254,False,,,param_incompatibility,2.45
Grid_offline_ref,matmul,255,False,,,param_incompatibility,2.44
Grid_offline_ref,matmul,256,False,,,param_incompatibility,2.43
Grid_offline_ref,matmul,257,False,,,param_incompatibility,2.46
Grid_offline_ref,matmul,258,False,,,param_incompatibility,2.45
Grid_offline_ref,matmul,259,False,,,param_incompatibility,0.43
Grid_offline_ref,matmul,260,False,,,param_incompatibility,2.45
Grid_offline_ref,matmul,261,False,,,param_incompatibility,2.45
Grid_offline_ref,matmul,262,False,,,param_incompatibility,2.46
Grid_offline_ref,matmul,263,False,,,param_incompatibility,2.45
Grid_offline_ref,matmul,264,False,,,param_incompatibility,2.46
Grid_offline_ref,matmul,265,False,,,param_incompatibility,0.41
Grid_offline_ref,matmul,266,False,,,param_incompatibility,2.44
Grid_offline_ref,matmul,267,False,,,param_incompatibility,2.45
Grid_offline_ref,matmul,268,False,,,param_incompatibility,2.51
Grid_offline_ref,matmul,269,False,,,param_incompatibility,2.45
Grid_offline_ref,matmul,270,False,,,param_incompatibility,2.44
Grid_offline_ref,matmul,271,False,,,param_incompatibility,0.41
Grid_offline_ref,matmul,272,False,,,param_incompatibility,2.44
Grid_offline_ref,matmul,273,False,,,param_incompatibility,2.43
Grid_offline_ref,matmul,274,False,,,param_incompatibility,2.49
Grid_offline_ref,matmul,275,False,,,param_incompatibility,2.47
Grid_offline_ref,matmul,276,False,,,pipeline_phi_conflict,2.45
Grid_offline_ref,matmul,277,False,,,param_incompatibility,0.41
Grid_offline_ref,matmul,278,False,,,pipeline_phi_conflict,2.48
Grid_offline_ref,matmul,279,False,,,pipeline_phi_conflict,2.45
Grid_offline_ref,matmul,280,False,,,pipeline_phi_conflict,2.46
Grid_offline_ref,matmul,281,False,,,pipeline_phi_conflict,2.45
Grid_offline_ref,matmul,282,False,,,pipeline_phi_conflict,2.4
Grid_offline_ref,matmul,283,False,,,param_incompatibility,0.41
Grid_offline_ref,matmul,284,False,,,pipeline_phi_conflict,2.47
Grid_offline_ref,matmul,285,False,,,pipeline_phi_conflict,2.46
Grid_offline_ref,matmul,286,False,,,pipeline_phi_conflict,2.45
Grid_offline_ref,matmul,287,False,,,pipeline_phi_conflict,2.43
Grid_offline_ref,matmul,288,False,,,param_incompatibility,2.46
Grid_offline_ref,matmul,289,False,,,param_incompatibility,0.41
Grid_offline_ref,matmul,290,False,,,param_incompatibility,2.44
Grid_offline_ref,matmul,291,False,,,param_incompatibility,2.44
Grid_offline_ref,matmul,292,False,,,param_incompatibility,2.42
Grid_offline_ref,matmul,293,False,,,param_incompatibility,2.47
Grid_offline_ref,matmul,294,False,,,param_incompatibility,2.48
Grid_offline_ref,matmul,295,False,,,param_incompatibility,0.42
Grid_offline_ref,matmul,296,False,,,param_incompatibility,2.48
Grid_offline_ref,matmul,297,False,,,param_incompatibility,2.47
Grid_offline_ref,matmul,298,False,,,param_incompatibility,2.47
Grid_offline_ref,matmul,299,False,,,param_incompatibility,2.45
Grid_offline_ref,matmul,300,False,,,param_incompatibility,2.47
Grid_offline_ref,matmul,301,False,,,param_incompatibility,0.42
Grid_offline_ref,matmul,302,False,,,param_incompatibility,2.45
Grid_offline_ref,matmul,303,False,,,param_incompatibility,2.45
Grid_offline_ref,matmul,304,False,,,param_incompatibility,2.47
Grid_offline_ref,matmul,305,False,,,param_incompatibility,2.47
Grid_offline_ref,matmul,306,False,,,param_incompatibility,2.44
Grid_offline_ref,matmul,307,False,,,param_incompatibility,0.41
Grid_offline_ref,matmul,308,False,,,param_incompatibility,2.46
Grid_offline_ref,matmul,309,False,,,param_incompatibility,2.44
Grid_offline_ref,matmul,310,False,,,param_incompatibility,2.45
Grid_offline_ref,matmul,311,False,,,param_incompatibility,2.44
Grid_offline_ref,matmul,312,False,,,param_incompatibility,2.44
Grid_offline_ref,matmul,313,False,,,param_incompatibility,0.42
Grid_offline_ref,matmul,314,False,,,param_incompatibility,2.44
Grid_offline_ref,matmul,315,False,,,param_incompatibility,2.44
Grid_offline_ref,matmul,316,False,,,param_incompatibility,2.46
Grid_offline_ref,matmul,317,False,,,param_incompatibility,2.45
Grid_offline_ref,matmul,318,False,,,param_incompatibility,2.46
Grid_offline_ref,matmul,319,False,,,param_incompatibility,0.41
Grid_offline_ref,matmul,320,False,,,param_incompatibility,2.47
Grid_offline_ref,matmul,321,False,,,param_incompatibility,2.45
Grid_offline_ref,matmul,322,False,,,param_incompatibility,2.47
Grid_offline_ref,matmul,323,False,,,param_incompatibility,2.47
Grid_offline_ref,matmul,324,False,,,pipeline_phi_conflict,2.46
Grid_offline_ref,matmul,325,False,,,param_incompatibility,0.43
Grid_offline_ref,matmul,326,False,,,pipeline_phi_conflict,2.48
Grid_offline_ref,matmul,327,False,,,pipeline_phi_conflict,2.51
Grid_offline_ref,matmul,328,False,,,pipeline_phi_conflict,2.47
Grid_offline_ref,matmul,329,False,,,pipeline_phi_conflict,2.45
Grid_offline_ref,matmul,330,False,,,pipeline_phi_conflict,2.45
Grid_offline_ref,matmul,331,False,,,param_incompatibility,0.41
Grid_offline_ref,matmul,332,False,,,pipeline_phi_conflict,2.49
Grid_offline_ref,matmul,333,False,,,pipeline_phi_conflict,2.47
Grid_offline_ref,matmul,334,False,,,pipeline_phi_conflict,2.45
Grid_offline_ref,matmul,335,False,,,pipeline_phi_conflict,2.45
Grid_offline_ref,matmul,336,False,,,param_incompatibility,2.44
Grid_offline_ref,matmul,337,False,,,param_incompatibility,0.41
Grid_offline_ref,matmul,338,False,,,param_incompatibility,2.44
Grid_offline_ref,matmul,339,False,,,param_incompatibility,2.47
Grid_offline_ref,matmul,340,False,,,param_incompatibility,2.43
Grid_offline_ref,matmul,341,False,,,param_incompatibility,2.46
Grid_offline_ref,matmul,342,False,,,param_incompatibility,2.45
Grid_offline_ref,matmul,343,False,,,param_incompatibility,0.41
Grid_offline_ref,matmul,344,False,,,param_incompatibility,2.44
Grid_offline_ref,matmul,345,False,,,param_incompatibility,2.44
Grid_offline_ref,matmul,346,False,,,param_incompatibility,2.46
Grid_offline_ref,matmul,347,False,,,param_incompatibility,2.47
Grid_offline_ref,matmul,348,False,,,param_incompatibility,2.44
Grid_offline_ref,matmul,349,False,,,param_incompatibility,0.41
Grid_offline_ref,matmul,350,False,,,param_incompatibility,2.46
Grid_offline_ref,matmul,351,False,,,param_incompatibility,2.47
Grid_offline_ref,matmul,352,False,,,param_incompatibility,2.44
Grid_offline_ref,matmul,353,False,,,param_incompatibility,2.46
Grid_offline_ref,matmul,354,False,,,param_incompatibility,2.46
Grid_offline_ref,matmul,355,False,,,param_incompatibility,0.42
Grid_offline_ref,matmul,356,False,,,param_incompatibility,2.47
Grid_offline_ref,matmul,357,False,,,param_incompatibility,2.48
Grid_offline_ref,matmul,358,False,,,param_incompatibility,2.47
Grid_offline_ref,matmul,359,False,,,param_incompatibility,2.46
Grid_offline_ref,matmul,360,False,,,param_incompatibility,2.49
Grid_offline_ref,matmul,361,False,,,param_incompatibility,0.42
Grid_offline_ref,matmul,362,False,,,param_incompatibility,2.5
Grid_offline_ref,matmul,363,False,,,param_incompatibility,2.43
Grid_offline_ref,matmul,364,False,,,param_incompatibility,2.44
Grid_offline_ref,matmul,365,False,,,param_incompatibility,2.46
Grid_offline_ref,matmul,366,False,,,param_incompatibility,2.43
Grid_offline_ref,matmul,367,False,,,param_incompatibility,0.41
Grid_offline_ref,matmul,368,False,,,param_incompatibility,2.44
Grid_offline_ref,matmul,369,False,,,param_incompatibility,2.45
Grid_offline_ref,matmul,370,False,,,param_incompatibility,2.44
Grid_offline_ref,matmul,371,False,,,param_incompatibility,2.44
Grid_offline_ref,matmul,372,False,,,pipeline_phi_conflict,2.43
Grid_offline_ref,matmul,373,False,,,param_incompatibility,0.41
Grid_offline_ref,matmul,374,False,,,pipeline_phi_conflict,2.44
Grid_offline_ref,matmul,375,False,,,pipeline_phi_conflict,2.44
Grid_offline_ref,matmul,376,False,,,pipeline_phi_conflict,2.47
Grid_offline_ref,matmul,377,False,,,pipeline_phi_conflict,2.47
Grid_offline_ref,matmul,378,False,,,pipeline_phi_conflict,2.45
Grid_offline_ref,matmul,379,False,,,param_incompatibility,0.41
Grid_offline_ref,matmul,380,False,,,pipeline_phi_conflict,2.41
Grid_offline_ref,matmul,381,False,,,pipeline_phi_conflict,2.47
Grid_offline_ref,matmul,382,False,,,pipeline_phi_conflict,2.43
Grid_offline_ref,matmul,383,False,,,pipeline_phi_conflict,2.48
Grid_offline_ref,matmul,384,False,,,param_incompatibility,2.43
Grid_offline_ref,matmul,385,False,,,param_incompatibility,0.42
Grid_offline_ref,matmul,386,False,,,param_incompatibility,2.48
Grid_offline_ref,matmul,387,False,,,param_incompatibility,2.48
Grid_offline_ref,matmul,388,False,,,param_incompatibility,2.47
Grid_offline_ref,matmul,389,False,,,param_incompatibility,2.47
Grid_offline_ref,matmul,390,False,,,param_incompatibility,2.44
Grid_offline_ref,matmul,391,False,,,param_incompatibility,0.41
Grid_offline_ref,matmul,392,False,,,param_incompatibility,2.47
Grid_offline_ref,matmul,393,False,,,param_incompatibility,2.48
Grid_offline_ref,matmul,394,False,,,param_incompatibility,2.45
Grid_offline_ref,matmul,395,False,,,param_incompatibility,2.43
Grid_offline_ref,matmul,396,False,,,param_incompatibility,2.44
Grid_offline_ref,matmul,397,False,,,param_incompatibility,0.41
Grid_offline_ref,matmul,398,False,,,param_incompatibility,2.45
Grid_offline_ref,matmul,399,False,,,param_incompatibility,2.45
Grid_offline_ref,matmul,400,False,,,param_incompatibility,2.41
Grid_offline_ref,matmul,401,False,,,param_incompatibility,2.43
Grid_offline_ref,matmul,402,False,,,param_incompatibility,2.43
Grid_offline_ref,matmul,403,False,,,param_incompatibility,0.41
Grid_offline_ref,matmul,404,False,,,param_incompatibility,2.44
Grid_offline_ref,matmul,405,False,,,param_incompatibility,2.44
Grid_offline_ref,matmul,406,False,,,param_incompatibility,2.42
Grid_offline_ref,matmul,407,False,,,param_incompatibility,2.46
Grid_offline_ref,matmul,408,False,,,param_incompatibility,2.43
Grid_offline_ref,matmul,409,False,,,param_incompatibility,0.41
Grid_offline_ref,matmul,410,False,,,param_incompatibility,2.43
Grid_offline_ref,matmul,411,False,,,param_incompatibility,2.45
Grid_offline_ref,matmul,412,False,,,param_incompatibility,2.47
Grid_offline_ref,matmul,413,False,,,param_incompatibility,2.47
Grid_offline_ref,matmul,414,False,,,param_incompatibility,2.47
Grid_offline_ref,matmul,415,False,,,param_incompatibility,0.42
Grid_offline_ref,matmul,416,False,,,param_incompatibility,2.54
Grid_offline_ref,matmul,417,False,,,param_incompatibility,2.48
Grid_offline_ref,matmul,418,False,,,param_incompatibility,2.46
Grid_offline_ref,matmul,419,False,,,param_incompatibility,2.45
Grid_offline_ref,vadd,0,True,201.0,8.0,,2.45
Grid_offline_ref,vadd,1,False,,,param_incompatibility,0.41
Grid_offline_ref,vadd,2,True,201.0,8.0,,2.43
Grid_offline_ref,vadd,3,True,201.0,8.0,,2.42
Grid_offline_ref,vadd,4,False,,,param_incompatibility,2.39
Grid_offline_ref,vadd,5,True,201.0,7.0,,2.4
Grid_offline_ref,vadd,6,True,267.0,11.0,,2.41
Grid_offline_ref,vadd,7,False,,,param_incompatibility,0.41
Grid_offline_ref,vadd,8,True,267.0,11.0,,2.4
Grid_offline_ref,vadd,9,True,267.0,11.0,,2.42
Grid_offline_ref,vadd,10,False,,,param_incompatibility,2.47
Grid_offline_ref,vadd,11,True,467.0,9.0,,2.45
Grid_offline_ref,vadd,12,True,201.0,8.0,,2.46
Grid_offline_ref,vadd,13,False,,,param_incompatibility,0.43
Grid_offline_ref,vadd,14,True,201.0,8.0,,2.44
Grid_offline_ref,vadd,15,True,201.0,8.0,,2.44
Grid_offline_ref,vadd,16,False,,,param_incompatibility,2.48
Grid_offline_ref,vadd,17,True,201.0,7.0,,2.39
Grid_offline_ref,vadd,18,True,302.0,9.0,,2.43
Grid_offline_ref,vadd,19,False,,,param_incompatibility,0.41
Grid_offline_ref,vadd,20,True,302.0,9.0,,2.42
Grid_offline_ref,vadd,21,True,302.0,9.0,,2.41
Grid_offline_ref,vadd,22,False,,,param_incompatibility,2.4
Grid_offline_ref,vadd,23,True,536.0,7.0,,2.41
Grid_offline_ref,vadd,24,True,201.0,6.0,,2.43
Grid_offline_ref,vadd,25,False,,,param_incompatibility,0.41
Grid_offline_ref,vadd,26,True,201.0,6.0,,2.43
Grid_offline_ref,vadd,27,True,201.0,6.0,,2.43
Grid_offline_ref,vadd,28,False,,,param_incompatibility,2.38
Grid_offline_ref,vadd,29,True,201.0,5.0,,2.41
Grid_offline_ref,vadd,30,True,302.0,9.0,,2.42
Grid_offline_ref,vadd,31,False,,,param_incompatibility,0.4
Grid_offline_ref,vadd,32,True,302.0,9.0,,2.41
Grid_offline_ref,vadd,33,True,302.0,9.0,,2.42
Grid_offline_ref,vadd,34,False,,,param_incompatibility,2.38
Grid_offline_ref,vadd,35,True,536.0,7.0,,2.42
Grid_offline_ref,vadd,36,True,201.0,6.0,,2.42
Grid_offline_ref,vadd,37,False,,,param_incompatibility,0.41
Grid_offline_ref,vadd,38,True,201.0,6.0,,2.44
Grid_offline_ref,vadd,39,True,201.0,6.0,,2.53
Grid_offline_ref,vadd,40,False,,,param_incompatibility,2.47
Grid_offline_ref,vadd,41,True,201.0,5.0,,2.45
Grid_offline_ref,vadd,42,True,302.0,9.0,,2.47
Grid_offline_ref,vadd,43,False,,,param_incompatibility,0.43
Grid_offline_ref,vadd,44,True,302.0,9.0,,2.48
Grid_offline_ref,vadd,45,True,302.0,9.0,,2.49
Grid_offline_ref,vadd,46,False,,,param_incompatibility,2.41
Grid_offline_ref,vadd,47,True,536.0,7.0,,2.42
Grid_offline_ref,vadd,48,True,201.0,6.0,,2.46
Grid_offline_ref,vadd,49,False,,,param_incompatibility,0.41
Grid_offline_ref,vadd,50,True,201.0,6.0,,2.45
Grid_offline_ref,vadd,51,True,201.0,6.0,,2.43
Grid_offline_ref,vadd,52,False,,,param_incompatibility,2.42
Grid_offline_ref,vadd,53,True,201.0,5.0,,2.46
Grid_offline_ref,vadd,54,True,302.0,9.0,,2.46
Grid_offline_ref,vadd,55,False,,,param_incompatibility,0.43
Grid_offline_ref,vadd,56,True,302.0,9.0,,2.45
Grid_offline_ref,vadd,57,True,302.0,9.0,,2.43
Grid_offline_ref,vadd,58,False,,,param_incompatibility,2.41
Grid_offline_ref,vadd,59,True,536.0,7.0,,2.43
Grid_offline_ref,vadd,60,True,201.0,6.0,,2.43
Grid_offline_ref,vadd,61,False,,,param_incompatibility,0.41
Grid_offline_ref,vadd,62,True,201.0,6.0,,2.45
Grid_offline_ref,vadd,63,True,201.0,6.0,,2.41
Grid_offline_ref,vadd,64,False,,,param_incompatibility,2.39
Grid_offline_ref,vadd,65,True,201.0,5.0,,2.41
Grid_offline_ref,vadd,66,True,302.0,9.0,,2.43
Grid_offline_ref,vadd,67,False,,,param_incompatibility,0.42
Grid_offline_ref,vadd,68,True,302.0,9.0,,2.46
Grid_offline_ref,vadd,69,True,302.0,9.0,,2.43
Grid_offline_ref,vadd,70,False,,,param_incompatibility,2.43
Grid_offline_ref,vadd,71,True,536.0,7.0,,2.42
Grid_offline_ref,vadd,72,True,201.0,6.0,,2.43
Grid_offline_ref,vadd,73,False,,,param_incompatibility,0.41
Grid_offline_ref,vadd,74,True,201.0,6.0,,2.42
Grid_offline_ref,vadd,75,True,201.0,6.0,,2.42
Grid_offline_ref,vadd,76,False,,,param_incompatibility,2.39
Grid_offline_ref,vadd,77,True,201.0,5.0,,2.43
Grid_offline_ref,vadd,78,True,302.0,9.0,,2.42
Grid_offline_ref,vadd,79,False,,,param_incompatibility,0.41
Grid_offline_ref,vadd,80,True,302.0,9.0,,2.41
Grid_offline_ref,vadd,81,True,302.0,9.0,,2.44
Grid_offline_ref,vadd,82,False,,,param_incompatibility,2.38
Grid_offline_ref,vadd,83,True,536.0,7.0,,2.49
Grid_offline_ref,vadd,84,False,,,pipeline_phi_conflict,2.41
Grid_offline_ref,vadd,85,False,,,param_incompatibility,0.41
Grid_offline_ref,vadd,86,False,,,pipeline_phi_conflict,2.43
Grid_offline_ref,vadd,87,False,,,pipeline_phi_conflict,2.41
Grid_offline_ref,vadd,88,False,,,pipeline_phi_conflict,2.39
Grid_offline_ref,vadd,89,False,,,pipeline_phi_conflict,2.39
Grid_offline_ref,vadd,90,False,,,pipeline_phi_conflict,2.4
Grid_offline_ref,vadd,91,False,,,param_incompatibility,0.42
Grid_offline_ref,vadd,92,False,,,pipeline_phi_conflict,2.38
Grid_offline_ref,vadd,93,False,,,pipeline_phi_conflict,2.4
Grid_offline_ref,vadd,94,False,,,pipeline_phi_conflict,2.39
Grid_offline_ref,vadd,95,False,,,pipeline_phi_conflict,2.4
Grid_offline_ref,vadd,96,False,,,param_incompatibility,2.42
Grid_offline_ref,vadd,97,False,,,param_incompatibility,0.41
Grid_offline_ref,vadd,98,False,,,param_incompatibility,2.4
Grid_offline_ref,vadd,99,False,,,param_incompatibility,2.42
Grid_offline_ref,vadd,100,False,,,param_incompatibility,2.36
Grid_offline_ref,vadd,101,False,,,param_incompatibility,2.38
Grid_offline_ref,vadd,102,False,,,param_incompatibility,2.39
Grid_offline_ref,vadd,103,False,,,param_incompatibility,0.41
Grid_offline_ref,vadd,104,False,,,param_incompatibility,2.41
Grid_offline_ref,vadd,105,False,,,param_incompatibility,2.41
Grid_offline_ref,vadd,106,False,,,param_incompatibility,2.4
Grid_offline_ref,vadd,107,False,,,param_incompatibility,2.39
Grid_offline_ref,vadd,108,False,,,param_incompatibility,2.49
Grid_offline_ref,vadd,109,False,,,param_incompatibility,0.41
Grid_offline_ref,vadd,110,False,,,param_incompatibility,2.4
Grid_offline_ref,vadd,111,False,,,param_incompatibility,2.38
Grid_offline_ref,vadd,112,False,,,param_incompatibility,2.37
Grid_offline_ref,vadd,113,False,,,param_incompatibility,2.41
Grid_offline_ref,vadd,114,False,,,param_incompatibility,2.39
Grid_offline_ref,vadd,115,False,,,param_incompatibility,0.41
Grid_offline_ref,vadd,116,False,,,param_incompatibility,2.41
Grid_offline_ref,vadd,117,False,,,param_incompatibility,2.46
Grid_offline_ref,vadd,118,False,,,param_incompatibility,2.41
Grid_offline_ref,vadd,119,False,,,param_incompatibility,2.39
Grid_offline_ref,vadd,120,False,,,param_incompatibility,2.44
Grid_offline_ref,vadd,121,False,,,param_incompatibility,0.42
Grid_offline_ref,vadd,122,False,,,param_incompatibility,2.43
Grid_offline_ref,vadd,123,False,,,param_incompatibility,2.47
Grid_offline_ref,vadd,124,False,,,param_incompatibility,2.43
Grid_offline_ref,vadd,125,False,,,param_incompatibility,2.47
Grid_offline_ref,vadd,126,False,,,param_incompatibility,2.49
Grid_offline_ref,vadd,127,False,,,param_incompatibility,0.41
Grid_offline_ref,vadd,128,False,,,param_incompatibility,2.4
Grid_offline_ref,vadd,129,False,,,param_incompatibility,2.43
Grid_offline_ref,vadd,130,False,,,param_incompatibility,2.44
Grid_offline_ref,vadd,131,False,,,param_incompatibility,2.4
Grid_offline_ref,vadd,132,False,,,pipeline_phi_conflict,2.41
Grid_offline_ref,vadd,133,False,,,param_incompatibility,0.4
Grid_offline_ref,vadd,134,False,,,pipeline_phi_conflict,2.39
Grid_offline_ref,vadd,135,False,,,pipeline_phi_conflict,2.4
Grid_offline_ref,vadd,136,False,,,pipeline_phi_conflict,2.39
Grid_offline_ref,vadd,137,False,,,pipeline_phi_conflict,2.39
Grid_offline_ref,vadd,138,False,,,pipeline_phi_conflict,2.38
Grid_offline_ref,vadd,139,False,,,param_incompatibility,0.41
Grid_offline_ref,vadd,140,False,,,pipeline_phi_conflict,2.45
Grid_offline_ref,vadd,141,False,,,pipeline_phi_conflict,2.39
Grid_offline_ref,vadd,142,False,,,pipeline_phi_conflict,2.39
Grid_offline_ref,vadd,143,False,,,pipeline_phi_conflict,2.39
Grid_offline_ref,vadd,144,False,,,param_incompatibility,2.39
Grid_offline_ref,vadd,145,False,,,param_incompatibility,0.41
Grid_offline_ref,vadd,146,False,,,param_incompatibility,2.38
Grid_offline_ref,vadd,147,False,,,param_incompatibility,2.37
Grid_offline_ref,vadd,148,False,,,param_incompatibility,2.39
Grid_offline_ref,vadd,149,False,,,param_incompatibility,2.38
Grid_offline_ref,vadd,150,False,,,param_incompatibility,2.42
Grid_offline_ref,vadd,151,False,,,param_incompatibility,0.41
Grid_offline_ref,vadd,152,False,,,param_incompatibility,2.37
Grid_offline_ref,vadd,153,False,,,param_incompatibility,2.39
Grid_offline_ref,vadd,154,False,,,param_incompatibility,2.4
Grid_offline_ref,vadd,155,False,,,param_incompatibility,2.41
Grid_offline_ref,vadd,156,False,,,param_incompatibility,2.38
Grid_offline_ref,vadd,157,False,,,param_incompatibility,0.41
Grid_offline_ref,vadd,158,False,,,param_incompatibility,2.39
Grid_offline_ref,vadd,159,False,,,param_incompatibility,2.39
Grid_offline_ref,vadd,160,False,,,param_incompatibility,2.41
Grid_offline_ref,vadd,161,False,,,param_incompatibility,2.38
Grid_offline_ref,vadd,162,False,,,param_incompatibility,2.39
Grid_offline_ref,vadd,163,False,,,param_incompatibility,0.41
Grid_offline_ref,vadd,164,False,,,param_incompatibility,2.41
Grid_offline_ref,vadd,165,False,,,param_incompatibility,2.47
Grid_offline_ref,vadd,166,False,,,param_incompatibility,2.4
Grid_offline_ref,vadd,167,False,,,param_incompatibility,2.42
Grid_offline_ref,vadd,168,False,,,param_incompatibility,2.41
Grid_offline_ref,vadd,169,False,,,param_incompatibility,0.41
Grid_offline_ref,vadd,170,False,,,param_incompatibility,2.44
Grid_offline_ref,vadd,171,False,,,param_incompatibility,2.39
Grid_offline_ref,vadd,172,False,,,param_incompatibility,2.39
Grid_offline_ref,vadd,173,False,,,param_incompatibility,2.4
Grid_offline_ref,vadd,174,False,,,param_incompatibility,2.4
Grid_offline_ref,vadd,175,False,,,param_incompatibility,0.41
Grid_offline_ref,vadd,176,False,,,param_incompatibility,2.4
Grid_offline_ref,vadd,177,False,,,param_incompatibility,2.42
Grid_offline_ref,vadd,178,False,,,param_incompatibility,2.4
Grid_offline_ref,vadd,179,False,,,param_incompatibility,2.39
Grid_offline_ref,vadd,180,False,,,pipeline_phi_conflict,2.4
Grid_offline_ref,vadd,181,False,,,param_incompatibility,0.43
Grid_offline_ref,vadd,182,False,,,pipeline_phi_conflict,2.4
Grid_offline_ref,vadd,183,False,,,pipeline_phi_conflict,2.39
Grid_offline_ref,vadd,184,False,,,pipeline_phi_conflict,2.37
Grid_offline_ref,vadd,185,False,,,pipeline_phi_conflict,2.4
Grid_offline_ref,vadd,186,False,,,pipeline_phi_conflict,2.4
Grid_offline_ref,vadd,187,False,,,param_incompatibility,0.41
Grid_offline_ref,vadd,188,False,,,pipeline_phi_conflict,2.43
Grid_offline_ref,vadd,189,False,,,pipeline_phi_conflict,2.4
Grid_offline_ref,vadd,190,False,,,pipeline_phi_conflict,2.41
Grid_offline_ref,vadd,191,False,,,pipeline_phi_conflict,2.42
Grid_offline_ref,vadd,192,False,,,param_incompatibility,2.36
Grid_offline_ref,vadd,193,False,,,param_incompatibility,0.41
Grid_offline_ref,vadd,194,False,,,param_incompatibility,2.42
Grid_offline_ref,vadd,195,False,,,param_incompatibility,2.42
Grid_offline_ref,vadd,196,False,,,param_incompatibility,2.41
Grid_offline_ref,vadd,197,False,,,param_incompatibility,2.41
Grid_offline_ref,vadd,198,False,,,param_incompatibility,2.4
Grid_offline_ref,vadd,199,False,,,param_incompatibility,0.41
Grid_offline_ref,vadd,200,False,,,param_incompatibility,2.43
Grid_offline_ref,vadd,201,False,,,param_incompatibility,2.4
Grid_offline_ref,vadd,202,False,,,param_incompatibility,2.42
Grid_offline_ref,vadd,203,False,,,param_incompatibility,2.45
Grid_offline_ref,vadd,204,False,,,param_incompatibility,2.43
Grid_offline_ref,vadd,205,False,,,param_incompatibility,0.43
Grid_offline_ref,vadd,206,False,,,param_incompatibility,2.41
Grid_offline_ref,vadd,207,False,,,param_incompatibility,2.39
Grid_offline_ref,vadd,208,False,,,param_incompatibility,2.37
Grid_offline_ref,vadd,209,False,,,param_incompatibility,2.42
Grid_offline_ref,vadd,210,False,,,param_incompatibility,2.39
Grid_offline_ref,vadd,211,False,,,param_incompatibility,0.4
Grid_offline_ref,vadd,212,False,,,param_incompatibility,2.43
Grid_offline_ref,vadd,213,False,,,param_incompatibility,2.39
Grid_offline_ref,vadd,214,False,,,param_incompatibility,2.39
Grid_offline_ref,vadd,215,False,,,param_incompatibility,2.39
Grid_offline_ref,vadd,216,False,,,param_incompatibility,2.41
Grid_offline_ref,vadd,217,False,,,param_incompatibility,0.41
Grid_offline_ref,vadd,218,False,,,param_incompatibility,2.4
Grid_offline_ref,vadd,219,False,,,param_incompatibility,2.42
Grid_offline_ref,vadd,220,False,,,param_incompatibility,2.39
Grid_offline_ref,vadd,221,False,,,param_incompatibility,2.39
Grid_offline_ref,vadd,222,False,,,param_incompatibility,2.39
Grid_offline_ref,vadd,223,False,,,param_incompatibility,0.41
Grid_offline_ref,vadd,224,False,,,param_incompatibility,2.4
Grid_offline_ref,vadd,225,False,,,param_incompatibility,2.44
Grid_offline_ref,vadd,226,False,,,param_incompatibility,2.41
Grid_offline_ref,vadd,227,False,,,param_incompatibility,2.39
Grid_offline_ref,vadd,228,False,,,pipeline_phi_conflict,2.45
Grid_offline_ref,vadd,229,False,,,param_incompatibility,0.42
Grid_offline_ref,vadd,230,False,,,pipeline_phi_conflict,2.41
Grid_offline_ref,vadd,231,False,,,pipeline_phi_conflict,2.41
Grid_offline_ref,vadd,232,False,,,pipeline_phi_conflict,2.44
Grid_offline_ref,vadd,233,False,,,pipeline_phi_conflict,2.43
Grid_offline_ref,vadd,234,False,,,pipeline_phi_conflict,2.41
Grid_offline_ref,vadd,235,False,,,param_incompatibility,0.41
Grid_offline_ref,vadd,236,False,,,pipeline_phi_conflict,2.41
Grid_offline_ref,vadd,237,False,,,pipeline_phi_conflict,2.4
Grid_offline_ref,vadd,238,False,,,pipeline_phi_conflict,2.38
Grid_offline_ref,vadd,239,False,,,pipeline_phi_conflict,2.39
Grid_offline_ref,vadd,240,False,,,param_incompatibility,2.41
Grid_offline_ref,vadd,241,False,,,param_incompatibility,0.41
Grid_offline_ref,vadd,242,False,,,param_incompatibility,2.39
Grid_offline_ref,vadd,243,False,,,param_incompatibility,2.41
Grid_offline_ref,vadd,244,False,,,param_incompatibility,2.4
Grid_offline_ref,vadd,245,False,,,param_incompatibility,2.4
Grid_offline_ref,vadd,246,False,,,param_incompatibility,2.43
Grid_offline_ref,vadd,247,False,,,param_incompatibility,0.42
Grid_offline_ref,vadd,248,False,,,param_incompatibility,2.42
Grid_offline_ref,vadd,249,False,,,param_incompatibility,2.41
Grid_offline_ref,vadd,250,False,,,param_incompatibility,2.41
Grid_offline_ref,vadd,251,False,,,param_incompatibility,2.42
Grid_offline_ref,vadd,252,False,,,param_incompatibility,2.41
Grid_offline_ref,vadd,253,False,,,param_incompatibility,0.41
Grid_offline_ref,vadd,254,False,,,param_incompatibility,2.45
Grid_offline_ref,vadd,255,False,,,param_incompatibility,2.43
Grid_offline_ref,vadd,256,False,,,param_incompatibility,2.45
Grid_offline_ref,vadd,257,False,,,param_incompatibility,2.41
Grid_offline_ref,vadd,258,False,,,param_incompatibility,2.41
Grid_offline_ref,vadd,259,False,,,param_incompatibility,0.41
Grid_offline_ref,vadd,260,False,,,param_incompatibility,2.42
Grid_offline_ref,vadd,261,False,,,param_incompatibility,2.41
Grid_offline_ref,vadd,262,False,,,param_incompatibility,2.4
Grid_offline_ref,vadd,263,False,,,param_incompatibility,2.39
Grid_offline_ref,vadd,264,False,,,param_incompatibility,2.4
Grid_offline_ref,vadd,265,False,,,param_incompatibility,0.41
Grid_offline_ref,vadd,266,False,,,param_incompatibility,2.41
Grid_offline_ref,vadd,267,False,,,param_incompatibility,2.39
Grid_offline_ref,vadd,268,False,,,param_incompatibility,2.39
Grid_offline_ref,vadd,269,False,,,param_incompatibility,2.37
Grid_offline_ref,vadd,270,False,,,param_incompatibility,2.39
Grid_offline_ref,vadd,271,False,,,param_incompatibility,0.41
Grid_offline_ref,vadd,272,False,,,param_incompatibility,2.38
Grid_offline_ref,vadd,273,False,,,param_incompatibility,2.4
Grid_offline_ref,vadd,274,False,,,param_incompatibility,2.42
Grid_offline_ref,vadd,275,False,,,param_incompatibility,2.4
Grid_offline_ref,vadd,276,False,,,pipeline_phi_conflict,2.39
Grid_offline_ref,vadd,277,False,,,param_incompatibility,0.41
Grid_offline_ref,vadd,278,False,,,pipeline_phi_conflict,2.41
Grid_offline_ref,vadd,279,False,,,pipeline_phi_conflict,2.38
Grid_offline_ref,vadd,280,False,,,pipeline_phi_conflict,2.39
Grid_offline_ref,vadd,281,False,,,pipeline_phi_conflict,2.4
Grid_offline_ref,vadd,282,False,,,pipeline_phi_conflict,2.42
Grid_offline_ref,vadd,283,False,,,param_incompatibility,0.41
Grid_offline_ref,vadd,284,False,,,pipeline_phi_conflict,2.38
Grid_offline_ref,vadd,285,False,,,pipeline_phi_conflict,2.4
Grid_offline_ref,vadd,286,False,,,pipeline_phi_conflict,2.41
Grid_offline_ref,vadd,287,False,,,pipeline_phi_conflict,2.39
Grid_offline_ref,vadd,288,False,,,param_incompatibility,2.41
Grid_offline_ref,vadd,289,False,,,param_incompatibility,0.42
Grid_offline_ref,vadd,290,False,,,param_incompatibility,2.41
Grid_offline_ref,vadd,291,False,,,param_incompatibility,2.41
Grid_offline_ref,vadd,292,False,,,param_incompatibility,2.43
Grid_offline_ref,vadd,293,False,,,param_incompatibility,2.4
Grid_offline_ref,vadd,294,False,,,param_incompatibility,2.41
Grid_offline_ref,vadd,295,False,,,param_incompatibility,0.42
Grid_offline_ref,vadd,296,False,,,param_incompatibility,2.41
Grid_offline_ref,vadd,297,False,,,param_incompatibility,2.37
Grid_offline_ref,vadd,298,False,,,param_incompatibility,2.41
Grid_offline_ref,vadd,299,False,,,param_incompatibility,2.39
Grid_offline_ref,vadd,300,False,,,param_incompatibility,2.38
Grid_offline_ref,vadd,301,False,,,param_incompatibility,0.4
Grid_offline_ref,vadd,302,False,,,param_incompatibility,2.39
Grid_offline_ref,vadd,303,False,,,param_incompatibility,2.38
Grid_offline_ref,vadd,304,False,,,param_incompatibility,2.4
Grid_offline_ref,vadd,305,False,,,param_incompatibility,2.4
Grid_offline_ref,vadd,306,False,,,param_incompatibility,2.4
Grid_offline_ref,vadd,307,False,,,param_incompatibility,0.41
Grid_offline_ref,vadd,308,False,,,param_incompatibility,2.41
Grid_offline_ref,vadd,309,False,,,param_incompatibility,2.38
Grid_offline_ref,vadd,310,False,,,param_incompatibility,2.41
Grid_offline_ref,vadd,311,False,,,param_incompatibility,2.4
Grid_offline_ref,vadd,312,False,,,param_incompatibility,2.47
Grid_offline_ref,vadd,313,False,,,param_incompatibility,0.44
Grid_offline_ref,vadd,314,False,,,param_incompatibility,2.48
Grid_offline_ref,vadd,315,False,,,param_incompatibility,2.46
Grid_offline_ref,vadd,316,False,,,param_incompatibility,2.45
Grid_offline_ref,vadd,317,False,,,param_incompatibility,2.4
Grid_offline_ref,vadd,318,False,,,param_incompatibility,2.43
Grid_offline_ref,vadd,319,False,,,param_incompatibility,0.41
Grid_offline_ref,vadd,320,False,,,param_incompatibility,2.43
Grid_offline_ref,vadd,321,False,,,param_incompatibility,2.4
Grid_offline_ref,vadd,322,False,,,param_incompatibility,2.41
Grid_offline_ref,vadd,323,False,,,param_incompatibility,2.39
Grid_offline_ref,vadd,324,False,,,pipeline_phi_conflict,2.42
Grid_offline_ref,vadd,325,False,,,param_incompatibility,0.41
Grid_offline_ref,vadd,326,False,,,pipeline_phi_conflict,2.42
Grid_offline_ref,vadd,327,False,,,pipeline_phi_conflict,2.41
Grid_offline_ref,vadd,328,False,,,pipeline_phi_conflict,2.45
Grid_offline_ref,vadd,329,False,,,pipeline_phi_conflict,2.49
Grid_offline_ref,vadd,330,False,,,pipeline_phi_conflict,2.39
Grid_offline_ref,vadd,331,False,,,param_incompatibility,0.41
Grid_offline_ref,vadd,332,False,,,pipeline_phi_conflict,2.41
Grid_offline_ref,vadd,333,False,,,pipeline_phi_conflict,2.46
Grid_offline_ref,vadd,334,False,,,pipeline_phi_conflict,2.43
Grid_offline_ref,vadd,335,False,,,pipeline_phi_conflict,2.46
Grid_offline_ref,vadd,336,False,,,param_incompatibility,2.45
Grid_offline_ref,vadd,337,False,,,param_incompatibility,0.42
Grid_offline_ref,vadd,338,False,,,param_incompatibility,2.43
Grid_offline_ref,vadd,339,False,,,param_incompatibility,2.42
Grid_offline_ref,vadd,340,False,,,param_incompatibility,2.44
Grid_offline_ref,vadd,341,False,,,param_incompatibility,2.49
Grid_offline_ref,vadd,342,False,,,param_incompatibility,2.41
Grid_offline_ref,vadd,343,False,,,param_incompatibility,0.41
Grid_offline_ref,vadd,344,False,,,param_incompatibility,2.43
Grid_offline_ref,vadd,345,False,,,param_incompatibility,2.4
Grid_offline_ref,vadd,346,False,,,param_incompatibility,2.41
Grid_offline_ref,vadd,347,False,,,param_incompatibility,2.38
Grid_offline_ref,vadd,348,False,,,param_incompatibility,2.41
Grid_offline_ref,vadd,349,False,,,param_incompatibility,0.41
Grid_offline_ref,vadd,350,False,,,param_incompatibility,2.38
Grid_offline_ref,vadd,351,False,,,param_incompatibility,2.41
Grid_offline_ref,vadd,352,False,,,param_incompatibility,2.39
Grid_offline_ref,vadd,353,False,,,param_incompatibility,2.39
Grid_offline_ref,vadd,354,False,,,param_incompatibility,2.42
Grid_offline_ref,vadd,355,False,,,param_incompatibility,0.41
Grid_offline_ref,vadd,356,False,,,param_incompatibility,2.43
Grid_offline_ref,vadd,357,False,,,param_incompatibility,2.37
Grid_offline_ref,vadd,358,False,,,param_incompatibility,2.37
Grid_offline_ref,vadd,359,False,,,param_incompatibility,2.39
Grid_offline_ref,vadd,360,False,,,param_incompatibility,2.37
Grid_offline_ref,vadd,361,False,,,param_incompatibility,0.4
Grid_offline_ref,vadd,362,False,,,param_incompatibility,2.38
Grid_offline_ref,vadd,363,False,,,param_incompatibility,2.39
Grid_offline_ref,vadd,364,False,,,param_incompatibility,2.4
Grid_offline_ref,vadd,365,False,,,param_incompatibility,2.42
Grid_offline_ref,vadd,366,False,,,param_incompatibility,2.37
Grid_offline_ref,vadd,367,False,,,param_incompatibility,0.42
Grid_offline_ref,vadd,368,False,,,param_incompatibility,2.37
Grid_offline_ref,vadd,369,False,,,param_incompatibility,2.38
Grid_offline_ref,vadd,370,False,,,param_incompatibility,2.38
Grid_offline_ref,vadd,371,False,,,param_incompatibility,2.37
Grid_offline_ref,vadd,372,False,,,pipeline_phi_conflict,2.39
Grid_offline_ref,vadd,373,False,,,param_incompatibility,0.41
Grid_offline_ref,vadd,374,False,,,pipeline_phi_conflict,2.4
Grid_offline_ref,vadd,375,False,,,pipeline_phi_conflict,2.4
Grid_offline_ref,vadd,376,False,,,pipeline_phi_conflict,2.43
Grid_offline_ref,vadd,377,False,,,pipeline_phi_conflict,2.4
Grid_offline_ref,vadd,378,False,,,pipeline_phi_conflict,2.4
Grid_offline_ref,vadd,379,False,,,param_incompatibility,0.41
Grid_offline_ref,vadd,380,False,,,pipeline_phi_conflict,2.4
Grid_offline_ref,vadd,381,False,,,pipeline_phi_conflict,2.4
Grid_offline_ref,vadd,382,False,,,pipeline_phi_conflict,2.42
Grid_offline_ref,vadd,383,False,,,pipeline_phi_conflict,2.4
Grid_offline_ref,vadd,384,False,,,param_incompatibility,2.39
Grid_offline_ref,vadd,385,False,,,param_incompatibility,0.4
Grid_offline_ref,vadd,386,False,,,param_incompatibility,2.36
Grid_offline_ref,vadd,387,False,,,param_incompatibility,2.39
Grid_offline_ref,vadd,388,False,,,param_incompatibility,2.41
Grid_offline_ref,vadd,389,False,,,param_incompatibility,2.39
Grid_offline_ref,vadd,390,False,,,param_incompatibility,2.41
Grid_offline_ref,vadd,391,False,,,param_incompatibility,0.43
Grid_offline_ref,vadd,392,False,,,param_incompatibility,2.42
Grid_offline_ref,vadd,393,False,,,param_incompatibility,2.4
Grid_offline_ref,vadd,394,False,,,param_incompatibility,2.41
Grid_offline_ref,vadd,395,False,,,param_incompatibility,2.4
Grid_offline_ref,vadd,396,False,,,param_incompatibility,2.38
Grid_offline_ref,vadd,397,False,,,param_incompatibility,0.41
Grid_offline_ref,vadd,398,False,,,param_incompatibility,2.38
Grid_offline_ref,vadd,399,False,,,param_incompatibility,2.4
Grid_offline_ref,vadd,400,False,,,param_incompatibility,2.41
Grid_offline_ref,vadd,401,False,,,param_incompatibility,2.4
Grid_offline_ref,vadd,402,False,,,param_incompatibility,2.44
Grid_offline_ref,vadd,403,False,,,param_incompatibility,0.41
Grid_offline_ref,vadd,404,False,,,param_incompatibility,2.4
Grid_offline_ref,vadd,405,False,,,param_incompatibility,2.41
Grid_offline_ref,vadd,406,False,,,param_incompatibility,2.38
Grid_offline_ref,vadd,407,False,,,param_incompatibility,2.38
Grid_offline_ref,vadd,408,False,,,param_incompatibility,2.4
Grid_offline_ref,vadd,409,False,,,param_incompatibility,0.41
Grid_offline_ref,vadd,410,False,,,param_incompatibility,2.43
Grid_offline_ref,vadd,411,False,,,param_incompatibility,2.39
Grid_offline_ref,vadd,412,False,,,param_incompatibility,2.4
Grid_offline_ref,vadd,413,False,,,param_incompatibility,2.39
Grid_offline_ref,vadd,414,False,,,param_incompatibility,2.4
Grid_offline_ref,vadd,415,False,,,param_incompatibility,0.41
Grid_offline_ref,vadd,416,False,,,param_incompatibility,2.39
Grid_offline_ref,vadd,417,False,,,param_incompatibility,2.39
Grid_offline_ref,vadd,418,False,,,param_incompatibility,2.37
Grid_offline_ref,vadd,419,False,,,param_incompatibility,2.4
Grid_offline_ref,fir,0,True,262.0,21.0,,2.45
Grid_offline_ref,fir,1,False,,,param_incompatibility,0.41
Grid_offline_ref,fir,2,True,262.0,21.0,,2.47
Grid_offline_ref,fir,3,True,262.0,21.0,,2.46
Grid_offline_ref,fir,4,False,,,param_incompatibility,2.46
Grid_offline_ref,fir,5,True,262.0,20.0,,2.49
Grid_offline_ref,fir,6,True,328.0,24.0,,2.47
Grid_offline_ref,fir,7,False,,,param_incompatibility,0.41
Grid_offline_ref,fir,8,True,328.0,24.0,,2.44
Grid_offline_ref,fir,9,True,328.0,24.0,,2.46
Grid_offline_ref,fir,10,False,,,param_incompatibility,2.43
Grid_offline_ref,fir,11,True,528.0,22.0,,2.5
Grid_offline_ref,fir,12,True,277.0,14.0,,2.42
Grid_offline_ref,fir,13,False,,,param_incompatibility,0.41
Grid_offline_ref,fir,14,True,277.0,14.0,,2.45
Grid_offline_ref,fir,15,True,277.0,14.0,,2.47
Grid_offline_ref,fir,16,False,,,param_incompatibility,2.43
Grid_offline_ref,fir,17,True,277.0,13.0,,2.45
Grid_offline_ref,fir,18,True,344.0,16.0,,2.49
Grid_offline_ref,fir,19,False,,,param_incompatibility,0.41
Grid_offline_ref,fir,20,True,344.0,16.0,,2.48
Grid_offline_ref,fir,21,True,344.0,16.0,,2.45
Grid_offline_ref,fir,22,False,,,param_incompatibility,2.45
Grid_offline_ref,fir,23,True,544.0,14.0,,2.49
Grid_offline_ref,fir,24,True,277.0,12.0,,2.45
Grid_offline_ref,fir,25,False,,,param_incompatibility,0.41
Grid_offline_ref,fir,26,True,277.0,12.0,,2.5
Grid_offline_ref,fir,27,True,277.0,12.0,,2.45
Grid_offline_ref,fir,28,False,,,param_incompatibility,2.43
Grid_offline_ref,fir,29,True,277.0,11.0,,2.5
Grid_offline_ref,fir,30,True,344.0,15.0,,2.5
Grid_offline_ref,fir,31,False,,,param_incompatibility,0.41
Grid_offline_ref,fir,32,True,344.0,15.0,,2.49
Grid_offline_ref,fir,33,True,344.0,15.0,,2.45
Grid_offline_ref,fir,34,False,,,param_incompatibility,2.42
Grid_offline_ref,fir,35,True,544.0,13.0,,2.48
Grid_offline_ref,fir,36,True,277.0,11.0,,2.44
Grid_offline_ref,fir,37,False,,,param_incompatibility,0.41
Grid_offline_ref,fir,38,True,277.0,11.0,,2.48
Grid_offline_ref,fir,39,True,277.0,11.0,,2.47
Grid_offline_ref,fir,40,False,,,param_incompatibility,2.43
Grid_offline_ref,fir,41,True,277.0,10.0,,2.42
Grid_offline_ref,fir,42,True,344.0,14.0,,2.46
Grid_offline_ref,fir,43,False,,,param_incompatibility,0.41
Grid_offline_ref,fir,44,True,344.0,14.0,,2.45
Grid_offline_ref,fir,45,True,344.0,14.0,,2.45
Grid_offline_ref,fir,46,False,,,param_incompatibility,2.42
Grid_offline_ref,fir,47,True,544.0,12.0,,2.46
Grid_offline_ref,fir,48,True,277.0,9.0,,2.45
Grid_offline_ref,fir,49,False,,,param_incompatibility,0.41
Grid_offline_ref,fir,50,True,277.0,9.0,,2.47
Grid_offline_ref,fir,51,True,277.0,9.0,,2.47
Grid_offline_ref,fir,52,False,,,param_incompatibility,2.46
Grid_offline_ref,fir,53,True,277.0,8.0,,2.49
Grid_offline_ref,fir,54,True,344.0,13.0,,2.46
Grid_offline_ref,fir,55,False,,,param_incompatibility,0.41
Grid_offline_ref,fir,56,True,344.0,13.0,,2.45
Grid_offline_ref,fir,57,True,344.0,13.0,,2.47
Grid_offline_ref,fir,58,False,,,param_incompatibility,2.42
Grid_offline_ref,fir,59,True,544.0,11.0,,2.5
Grid_offline_ref,fir,60,True,277.0,9.0,,2.49
Grid_offline_ref,fir,61,False,,,param_incompatibility,0.41
Grid_offline_ref,fir,62,True,277.0,9.0,,2.46
Grid_offline_ref,fir,63,True,277.0,9.0,,2.49
Grid_offline_ref,fir,64,False,,,param_incompatibility,2.43
Grid_offline_ref,fir,65,True,277.0,8.0,,2.47
Grid_offline_ref,fir,66,True,344.0,13.0,,2.47
Grid_offline_ref,fir,67,False,,,param_incompatibility,0.41
Grid_offline_ref,fir,68,True,344.0,13.0,,2.5
Grid_offline_ref,fir,69,True,344.0,13.0,,2.44
Grid_offline_ref,fir,70,False,,,param_incompatibility,2.46
Grid_offline_ref,fir,71,True,544.0,11.0,,2.46
Grid_offline_ref,fir,72,True,277.0,9.0,,2.5
Grid_offline_ref,fir,73,False,,,param_incompatibility,0.41
Grid_offline_ref,fir,74,True,277.0,9.0,,2.48
Grid_offline_ref,fir,75,True,277.0,9.0,,2.49
Grid_offline_ref,fir,76,False,,,param_incompatibility,2.46
Grid_offline_ref,fir,77,True,277.0,8.0,,2.51
Grid_offline_ref,fir,78,True,344.0,13.0,,2.47
Grid_offline_ref,fir,79,False,,,param_incompatibility,0.41
Grid_offline_ref,fir,80,True,344.0,13.0,,2.44
Grid_offline_ref,fir,81,True,344.0,13.0,,2.46
Grid_offline_ref,fir,82,False,,,param_incompatibility,2.41
Grid_offline_ref,fir,83,True,544.0,11.0,,2.45
Grid_offline_ref,fir,84,False,,,pipeline_phi_conflict,2.45
Grid_offline_ref,fir,85,False,,,param_incompatibility,0.42
Grid_offline_ref,fir,86,False,,,pipeline_phi_conflict,2.46
Grid_offline_ref,fir,87,False,,,pipeline_phi_conflict,2.45
Grid_offline_ref,fir,88,False,,,pipeline_phi_conflict,2.43
Grid_offline_ref,fir,89,False,,,pipeline_phi_conflict,2.43
Grid_offline_ref,fir,90,False,,,pipeline_phi_conflict,2.43
Grid_offline_ref,fir,91,False,,,param_incompatibility,0.41
Grid_offline_ref,fir,92,False,,,pipeline_phi_conflict,2.44
Grid_offline_ref,fir,93,False,,,pipeline_phi_conflict,2.45
Grid_offline_ref,fir,94,False,,,pipeline_phi_conflict,2.45
Grid_offline_ref,fir,95,False,,,pipeline_phi_conflict,2.48
Grid_offline_ref,fir,96,False,,,param_incompatibility,2.46
Grid_offline_ref,fir,97,False,,,param_incompatibility,0.41
Grid_offline_ref,fir,98,False,,,param_incompatibility,2.48
Grid_offline_ref,fir,99,False,,,param_incompatibility,2.46
Grid_offline_ref,fir,100,False,,,param_incompatibility,2.44
Grid_offline_ref,fir,101,False,,,param_incompatibility,2.45
Grid_offline_ref,fir,102,False,,,param_incompatibility,2.45
Grid_offline_ref,fir,103,False,,,param_incompatibility,0.43
Grid_offline_ref,fir,104,False,,,param_incompatibility,2.44
Grid_offline_ref,fir,105,False,,,param_incompatibility,2.44
Grid_offline_ref,fir,106,False,,,param_incompatibility,2.48
Grid_offline_ref,fir,107,False,,,param_incompatibility,2.45
Grid_offline_ref,fir,108,False,,,param_incompatibility,2.47
Grid_offline_ref,fir,109,False,,,param_incompatibility,0.42
Grid_offline_ref,fir,110,False,,,param_incompatibility,2.46
Grid_offline_ref,fir,111,False,,,param_incompatibility,2.46
Grid_offline_ref,fir,112,False,,,param_incompatibility,2.44
Grid_offline_ref,fir,113,False,,,param_incompatibility,2.43
Grid_offline_ref,fir,114,False,,,param_incompatibility,2.46
Grid_offline_ref,fir,115,False,,,param_incompatibility,0.44
Grid_offline_ref,fir,116,False,,,param_incompatibility,2.42
Grid_offline_ref,fir,117,False,,,param_incompatibility,2.46
Grid_offline_ref,fir,118,False,,,param_incompatibility,2.46
Grid_offline_ref,fir,119,False,,,param_incompatibility,2.44
Grid_offline_ref,fir,120,False,,,param_incompatibility,2.42
Grid_offline_ref,fir,121,False,,,param_incompatibility,0.41
Grid_offline_ref,fir,122,False,,,param_incompatibility,2.46
Grid_offline_ref,fir,123,False,,,param_incompatibility,2.46
Grid_offline_ref,fir,124,False,,,param_incompatibility,2.51
Grid_offline_ref,fir,125,False,,,param_incompatibility,2.42
Grid_offline_ref,fir,126,False,,,param_incompatibility,2.43
Grid_offline_ref,fir,127,False,,,param_incompatibility,0.4
Grid_offline_ref,fir,128,False,,,param_incompatibility,2.44
Grid_offline_ref,fir,129,False,,,param_incompatibility,2.45
Grid_offline_ref,fir,130,False,,,param_incompatibility,2.4
Grid_offline_ref,fir,131,False,,,param_incompatibility,2.43
Grid_offline_ref,fir,132,False,,,pipeline_phi_conflict,2.41
Grid_offline_ref,fir,133,False,,,param_incompatibility,0.41
Grid_offline_ref,fir,134,False,,,pipeline_phi_conflict,2.44
Grid_offline_ref,fir,135,False,,,pipeline_phi_conflict,2.42
Grid_offline_ref,fir,136,False,,,pipeline_phi_conflict,2.43
Grid_offline_ref,fir,137,False,,,pipeline_phi_conflict,2.43
Grid_offline_ref,fir,138,False,,,pipeline_phi_conflict,2.41
Grid_offline_ref,fir,139,False,,,param_incompatibility,0.41
Grid_offline_ref,fir,140,False,,,pipeline_phi_conflict,2.41
Grid_offline_ref,fir,141,False,,,pipeline_phi_conflict,2.43
Grid_offline_ref,fir,142,False,,,pipeline_phi_conflict,2.44
Grid_offline_ref,fir,143,False,,,pipeline_phi_conflict,2.45
Grid_offline_ref,fir,144,False,,,param_incompatibility,2.45
Grid_offline_ref,fir,145,False,,,param_incompatibility,0.41
Grid_offline_ref,fir,146,False,,,param_incompatibility,2.42
Grid_offline_ref,fir,147,False,,,param_incompatibility,2.43
Grid_offline_ref,fir,148,False,,,param_incompatibility,2.46
Grid_offline_ref,fir,149,False,,,param_incompatibility,2.51
Grid_offline_ref,fir,150,False,,,param_incompatibility,2.46
Grid_offline_ref,fir,151,False,,,param_incompatibility,0.41
Grid_offline_ref,fir,152,False,,,param_incompatibility,2.48
Grid_offline_ref,fir,153,False,,,param_incompatibility,2.55
Grid_offline_ref,fir,154,False,,,param_incompatibility,2.47
Grid_offline_ref,fir,155,False,,,param_incompatibility,2.45
Grid_offline_ref,fir,156,False,,,param_incompatibility,2.63
Grid_offline_ref,fir,157,False,,,param_incompatibility,0.41
Grid_offline_ref,fir,158,False,,,param_incompatibility,2.46
Grid_offline_ref,fir,159,False,,,param_incompatibility,2.48
Grid_offline_ref,fir,160,False,,,param_incompatibility,2.47
Grid_offline_ref,fir,161,False,,,param_incompatibility,2.47
Grid_offline_ref,fir,162,False,,,param_incompatibility,2.48
Grid_offline_ref,fir,163,False,,,param_incompatibility,0.42
Grid_offline_ref,fir,164,False,,,param_incompatibility,2.51
Grid_offline_ref,fir,165,False,,,param_incompatibility,2.46
Grid_offline_ref,fir,166,False,,,param_incompatibility,2.46
Grid_offline_ref,fir,167,False,,,param_incompatibility,2.45
Grid_offline_ref,fir,168,False,,,param_incompatibility,2.48
Grid_offline_ref,fir,169,False,,,param_incompatibility,0.42
Grid_offline_ref,fir,170,False,,,param_incompatibility,2.45
Grid_offline_ref,fir,171,False,,,param_incompatibility,2.46
Grid_offline_ref,fir,172,False,,,param_incompatibility,2.47
Grid_offline_ref,fir,173,False,,,param_incompatibility,2.44
Grid_offline_ref,fir,174,False,,,param_incompatibility,2.43
Grid_offline_ref,fir,175,False,,,param_incompatibility,0.42
Grid_offline_ref,fir,176,False,,,param_incompatibility,2.5
Grid_offline_ref,fir,177,False,,,param_incompatibility,2.49
Grid_offline_ref,fir,178,False,,,param_incompatibility,2.45
Grid_offline_ref,fir,179,False,,,param_incompatibility,2.44
Grid_offline_ref,fir,180,False,,,pipeline_phi_conflict,2.43
Grid_offline_ref,fir,181,False,,,param_incompatibility,0.41
Grid_offline_ref,fir,182,False,,,pipeline_phi_conflict,2.42
Grid_offline_ref,fir,183,False,,,pipeline_phi_conflict,2.41
Grid_offline_ref,fir,184,False,,,pipeline_phi_conflict,2.42
Grid_offline_ref,fir,185,False,,,pipeline_phi_conflict,2.43
Grid_offline_ref,fir,186,False,,,pipeline_phi_conflict,2.42
Grid_offline_ref,fir,187,False,,,param_incompatibility,0.41
Grid_offline_ref,fir,188,False,,,pipeline_phi_conflict,2.44
Grid_offline_ref,fir,189,False,,,pipeline_phi_conflict,2.43
Grid_offline_ref,fir,190,False,,,pipeline_phi_conflict,2.39
Grid_offline_ref,fir,191,False,,,pipeline_phi_conflict,2.41
Grid_offline_ref,fir,192,False,,,param_incompatibility,2.45
Grid_offline_ref,fir,193,False,,,param_incompatibility,0.44
Grid_offline_ref,fir,194,False,,,param_incompatibility,2.46
Grid_offline_ref,fir,195,False,,,param_incompatibility,2.48
Grid_offline_ref,fir,196,False,,,param_incompatibility,2.48
Grid_offline_ref,fir,197,False,,,param_incompatibility,2.46
Grid_offline_ref,fir,198,False,,,param_incompatibility,2.46
Grid_offline_ref,fir,199,False,,,param_incompatibility,0.43
Grid_offline_ref,fir,200,False,,,param_incompatibility,2.5
Grid_offline_ref,fir,201,False,,,param_incompatibility,2.46
Grid_offline_ref,fir,202,False,,,param_incompatibility,2.46
Grid_offline_ref,fir,203,False,,,param_incompatibility,2.45
Grid_offline_ref,fir,204,False,,,param_incompatibility,2.47
Grid_offline_ref,fir,205,False,,,param_incompatibility,0.42
Grid_offline_ref,fir,206,False,,,param_incompatibility,2.52
Grid_offline_ref,fir,207,False,,,param_incompatibility,2.46
Grid_offline_ref,fir,208,False,,,param_incompatibility,2.44
Grid_offline_ref,fir,209,False,,,param_incompatibility,2.43
Grid_offline_ref,fir,210,False,,,param_incompatibility,2.43
Grid_offline_ref,fir,211,False,,,param_incompatibility,0.41
Grid_offline_ref,fir,212,False,,,param_incompatibility,2.44
Grid_offline_ref,fir,213,False,,,param_incompatibility,2.44
Grid_offline_ref,fir,214,False,,,param_incompatibility,2.43
Grid_offline_ref,fir,215,False,,,param_incompatibility,2.45
Grid_offline_ref,fir,216,False,,,param_incompatibility,2.47
Grid_offline_ref,fir,217,False,,,param_incompatibility,0.41
Grid_offline_ref,fir,218,False,,,param_incompatibility,2.46
Grid_offline_ref,fir,219,False,,,param_incompatibility,2.5
Grid_offline_ref,fir,220,False,,,param_incompatibility,2.5
Grid_offline_ref,fir,221,False,,,param_incompatibility,2.44
Grid_offline_ref,fir,222,False,,,param_incompatibility,2.46
Grid_offline_ref,fir,223,False,,,param_incompatibility,0.4
Grid_offline_ref,fir,224,False,,,param_incompatibility,2.41
Grid_offline_ref,fir,225,False,,,param_incompatibility,2.42
Grid_offline_ref,fir,226,False,,,param_incompatibility,2.43
Grid_offline_ref,fir,227,False,,,param_incompatibility,2.43
Grid_offline_ref,fir,228,False,,,pipeline_phi_conflict,2.43
Grid_offline_ref,fir,229,False,,,param_incompatibility,0.41
Grid_offline_ref,fir,230,False,,,pipeline_phi_conflict,2.45
Grid_offline_ref,fir,231,False,,,pipeline_phi_conflict,2.47
Grid_offline_ref,fir,232,False,,,pipeline_phi_conflict,2.43
Grid_offline_ref,fir,233,False,,,pipeline_phi_conflict,2.44
Grid_offline_ref,fir,234,False,,,pipeline_phi_conflict,2.45
Grid_offline_ref,fir,235,False,,,param_incompatibility,0.41
Grid_offline_ref,fir,236,False,,,pipeline_phi_conflict,2.42
Grid_offline_ref,fir,237,False,,,pipeline_phi_conflict,2.55
Grid_offline_ref,fir,238,False,,,pipeline_phi_conflict,2.54
Grid_offline_ref,fir,239,False,,,pipeline_phi_conflict,2.47
Grid_offline_ref,fir,240,False,,,param_incompatibility,2.49
Grid_offline_ref,fir,241,False,,,param_incompatibility,0.43
Grid_offline_ref,fir,242,False,,,param_incompatibility,2.47
Grid_offline_ref,fir,243,False,,,param_incompatibility,2.44
Grid_offline_ref,fir,244,False,,,param_incompatibility,2.45
Grid_offline_ref,fir,245,False,,,param_incompatibility,2.52
Grid_offline_ref,fir,246,False,,,param_incompatibility,2.42
Grid_offline_ref,fir,247,False,,,param_incompatibility,0.41
Grid_offline_ref,fir,248,False,,,param_incompatibility,2.45
Grid_offline_ref,fir,249,False,,,param_incompatibility,2.41
Grid_offline_ref,fir,250,False,,,param_incompatibility,2.45
Grid_offline_ref,fir,251,False,,,param_incompatibility,2.42
Grid_offline_ref,fir,252,False,,,param_incompatibility,2.42
Grid_offline_ref,fir,253,False,,,param_incompatibility,0.41
Grid_offline_ref,fir,254,False,,,param_incompatibility,2.45
Grid_offline_ref,fir,255,False,,,param_incompatibility,2.41
Grid_offline_ref,fir,256,False,,,param_incompatibility,2.43
Grid_offline_ref,fir,257,False,,,param_incompatibility,2.45
Grid_offline_ref,fir,258,False,,,param_incompatibility,2.41
Grid_offline_ref,fir,259,False,,,param_incompatibility,0.41
Grid_offline_ref,fir,260,False,,,param_incompatibility,2.48
Grid_offline_ref,fir,261,False,,,param_incompatibility,2.44
Grid_offline_ref,fir,262,False,,,param_incompatibility,2.45
Grid_offline_ref,fir,263,False,,,param_incompatibility,2.47
Grid_offline_ref,fir,264,False,,,param_incompatibility,2.45
Grid_offline_ref,fir,265,False,,,param_incompatibility,0.41
Grid_offline_ref,fir,266,False,,,param_incompatibility,2.44
Grid_offline_ref,fir,267,False,,,param_incompatibility,2.44
Grid_offline_ref,fir,268,False,,,param_incompatibility,2.42
Grid_offline_ref,fir,269,False,,,param_incompatibility,2.45
Grid_offline_ref,fir,270,False,,,param_incompatibility,2.43
Grid_offline_ref,fir,271,False,,,param_incompatibility,0.41
Grid_offline_ref,fir,272,False,,,param_incompatibility,2.42
Grid_offline_ref,fir,273,False,,,param_incompatibility,2.43
Grid_offline_ref,fir,274,False,,,param_incompatibility,2.44
Grid_offline_ref,fir,275,False,,,param_incompatibility,2.43
Grid_offline_ref,fir,276,False,,,pipeline_phi_conflict,2.43
Grid_offline_ref,fir,277,False,,,param_incompatibility,0.41
Grid_offline_ref,fir,278,False,,,pipeline_phi_conflict,2.5
Grid_offline_ref,fir,279,False,,,pipeline_phi_conflict,2.46
Grid_offline_ref,fir,280,False,,,pipeline_phi_conflict,2.46
Grid_offline_ref,fir,281,False,,,pipeline_phi_conflict,2.43
Grid_offline_ref,fir,282,False,,,pipeline_phi_conflict,2.42
Grid_offline_ref,fir,283,False,,,param_incompatibility,0.44
Grid_offline_ref,fir,284,False,,,pipeline_phi_conflict,2.47
Grid_offline_ref,fir,285,False,,,pipeline_phi_conflict,2.45
Grid_offline_ref,fir,286,False,,,pipeline_phi_conflict,2.44
Grid_offline_ref,fir,287,False,,,pipeline_phi_conflict,2.44
Grid_offline_ref,fir,288,False,,,param_incompatibility,2.44
Grid_offline_ref,fir,289,False,,,param_incompatibility,0.41
Grid_offline_ref,fir,290,False,,,param_incompatibility,2.43
Grid_offline_ref,fir,291,False,,,param_incompatibility,2.45
Grid_offline_ref,fir,292,False,,,param_incompatibility,2.47
Grid_offline_ref,fir,293,False,,,param_incompatibility,2.44
Grid_offline_ref,fir,294,False,,,param_incompatibility,2.46
Grid_offline_ref,fir,295,False,,,param_incompatibility,0.41
Grid_offline_ref,fir,296,False,,,param_incompatibility,2.45
Grid_offline_ref,fir,297,False,,,param_incompatibility,2.48
Grid_offline_ref,fir,298,False,,,param_incompatibility,2.46
Grid_offline_ref,fir,299,False,,,param_incompatibility,2.43
Grid_offline_ref,fir,300,False,,,param_incompatibility,2.45
Grid_offline_ref,fir,301,False,,,param_incompatibility,0.42
Grid_offline_ref,fir,302,False,,,param_incompatibility,2.48
Grid_offline_ref,fir,303,False,,,param_incompatibility,2.43
Grid_offline_ref,fir,304,False,,,param_incompatibility,2.45
Grid_offline_ref,fir,305,False,,,param_incompatibility,2.45
Grid_offline_ref,fir,306,False,,,param_incompatibility,2.44
Grid_offline_ref,fir,307,False,,,param_incompatibility,0.41
Grid_offline_ref,fir,308,False,,,param_incompatibility,2.41
Grid_offline_ref,fir,309,False,,,param_incompatibility,2.44
Grid_offline_ref,fir,310,False,,,param_incompatibility,2.42
Grid_offline_ref,fir,311,False,,,param_incompatibility,2.41
Grid_offline_ref,fir,312,False,,,param_incompatibility,2.44
Grid_offline_ref,fir,313,False,,,param_incompatibility,0.41
Grid_offline_ref,fir,314,False,,,param_incompatibility,2.47
Grid_offline_ref,fir,315,False,,,param_incompatibility,2.49
Grid_offline_ref,fir,316,False,,,param_incompatibility,2.78
Grid_offline_ref,fir,317,False,,,param_incompatibility,2.45
Grid_offline_ref,fir,318,False,,,param_incompatibility,2.44
Grid_offline_ref,fir,319,False,,,param_incompatibility,0.42
Grid_offline_ref,fir,320,False,,,param_incompatibility,2.45
Grid_offline_ref,fir,321,False,,,param_incompatibility,2.45
Grid_offline_ref,fir,322,False,,,param_incompatibility,2.45
Grid_offline_ref,fir,323,False,,,param_incompatibility,2.47
Grid_offline_ref,fir,324,False,,,pipeline_phi_conflict,2.47
Grid_offline_ref,fir,325,False,,,param_incompatibility,0.41
Grid_offline_ref,fir,326,False,,,pipeline_phi_conflict,2.48
Grid_offline_ref,fir,327,False,,,pipeline_phi_conflict,2.46
Grid_offline_ref,fir,328,False,,,pipeline_phi_conflict,2.42
Grid_offline_ref,fir,329,False,,,pipeline_phi_conflict,2.46
Grid_offline_ref,fir,330,False,,,pipeline_phi_conflict,2.47
Grid_offline_ref,fir,331,False,,,param_incompatibility,0.41
Grid_offline_ref,fir,332,False,,,pipeline_phi_conflict,2.45
Grid_offline_ref,fir,333,False,,,pipeline_phi_conflict,2.46
Grid_offline_ref,fir,334,False,,,pipeline_phi_conflict,2.42
Grid_offline_ref,fir,335,False,,,pipeline_phi_conflict,2.43
Grid_offline_ref,fir,336,False,,,param_incompatibility,2.43
Grid_offline_ref,fir,337,False,,,param_incompatibility,0.41
Grid_offline_ref,fir,338,False,,,param_incompatibility,2.43
Grid_offline_ref,fir,339,False,,,param_incompatibility,2.43
Grid_offline_ref,fir,340,False,,,param_incompatibility,2.44
Grid_offline_ref,fir,341,False,,,param_incompatibility,2.46
Grid_offline_ref,fir,342,False,,,param_incompatibility,2.45
Grid_offline_ref,fir,343,False,,,param_incompatibility,0.41
Grid_offline_ref,fir,344,False,,,param_incompatibility,2.41
Grid_offline_ref,fir,345,False,,,param_incompatibility,2.45
Grid_offline_ref,fir,346,False,,,param_incompatibility,2.44
Grid_offline_ref,fir,347,False,,,param_incompatibility,2.45
Grid_offline_ref,fir,348,False,,,param_incompatibility,2.44
Grid_offline_ref,fir,349,False,,,param_incompatibility,0.41
Grid_offline_ref,fir,350,False,,,param_incompatibility,2.42
Grid_offline_ref,fir,351,False,,,param_incompatibility,2.43
Grid_offline_ref,fir,352,False,,,param_incompatibility,2.45
Grid_offline_ref,fir,353,False,,,param_incompatibility,2.46
Grid_offline_ref,fir,354,False,,,param_incompatibility,2.45
Grid_offline_ref,fir,355,False,,,param_incompatibility,0.41
Grid_offline_ref,fir,356,False,,,param_incompatibility,2.45
Grid_offline_ref,fir,357,False,,,param_incompatibility,2.43
Grid_offline_ref,fir,358,False,,,param_incompatibility,2.46
Grid_offline_ref,fir,359,False,,,param_incompatibility,2.44
Grid_offline_ref,fir,360,False,,,param_incompatibility,2.44
Grid_offline_ref,fir,361,False,,,param_incompatibility,0.41
Grid_offline_ref,fir,362,False,,,param_incompatibility,2.42
Grid_offline_ref,fir,363,False,,,param_incompatibility,2.43
Grid_offline_ref,fir,364,False,,,param_incompatibility,2.44
Grid_offline_ref,fir,365,False,,,param_incompatibility,2.41
Grid_offline_ref,fir,366,False,,,param_incompatibility,2.41
Grid_offline_ref,fir,367,False,,,param_incompatibility,0.41
Grid_offline_ref,fir,368,False,,,param_incompatibility,2.42
Grid_offline_ref,fir,369,False,,,param_incompatibility,2.45
Grid_offline_ref,fir,370,False,,,param_incompatibility,2.45
Grid_offline_ref,fir,371,False,,,param_incompatibility,2.47
Grid_offline_ref,fir,372,False,,,pipeline_phi_conflict,2.43
Grid_offline_ref,fir,373,False,,,param_incompatibility,0.41
Grid_offline_ref,fir,374,False,,,pipeline_phi_conflict,2.44
Grid_offline_ref,fir,375,False,,,pipeline_phi_conflict,2.46
Grid_offline_ref,fir,376,False,,,pipeline_phi_conflict,2.46
Grid_offline_ref,fir,377,False,,,pipeline_phi_conflict,2.43
Grid_offline_ref,fir,378,False,,,pipeline_phi_conflict,2.46
Grid_offline_ref,fir,379,False,,,param_incompatibility,0.41
Grid_offline_ref,fir,380,False,,,pipeline_phi_conflict,2.47
Grid_offline_ref,fir,381,False,,,pipeline_phi_conflict,2.43
Grid_offline_ref,fir,382,False,,,pipeline_phi_conflict,2.44
Grid_offline_ref,fir,383,False,,,pipeline_phi_conflict,2.45
Grid_offline_ref,fir,384,False,,,param_incompatibility,2.46
Grid_offline_ref,fir,385,False,,,param_incompatibility,0.41
Grid_offline_ref,fir,386,False,,,param_incompatibility,2.46
Grid_offline_ref,fir,387,False,,,param_incompatibility,2.47
Grid_offline_ref,fir,388,False,,,param_incompatibility,2.44
Grid_offline_ref,fir,389,False,,,param_incompatibility,2.44
Grid_offline_ref,fir,390,False,,,param_incompatibility,2.43
Grid_offline_ref,fir,391,False,,,param_incompatibility,0.41
Grid_offline_ref,fir,392,False,,,param_incompatibility,2.45
Grid_offline_ref,fir,393,False,,,param_incompatibility,2.43
Grid_offline_ref,fir,394,False,,,param_incompatibility,2.43
Grid_offline_ref,fir,395,False,,,param_incompatibility,2.45
Grid_offline_ref,fir,396,False,,,param_incompatibility,2.48
Grid_offline_ref,fir,397,False,,,param_incompatibility,0.41
Grid_offline_ref,fir,398,False,,,param_incompatibility,2.49
Grid_offline_ref,fir,399,False,,,param_incompatibility,2.45
Grid_offline_ref,fir,400,False,,,param_incompatibility,2.46
Grid_offline_ref,fir,401,False,,,param_incompatibility,2.43
Grid_offline_ref,fir,402,False,,,param_incompatibility,2.43
Grid_offline_ref,fir,403,False,,,param_incompatibility,0.41
Grid_offline_ref,fir,404,False,,,param_incompatibility,2.43
Grid_offline_ref,fir,405,False,,,param_incompatibility,2.44
Grid_offline_ref,fir,406,False,,,param_incompatibility,2.44
Grid_offline_ref,fir,407,False,,,param_incompatibility,2.47
Grid_offline_ref,fir,408,False,,,param_incompatibility,2.48
Grid_offline_ref,fir,409,False,,,param_incompatibility,0.41
Grid_offline_ref,fir,410,False,,,param_incompatibility,2.45
Grid_offline_ref,fir,411,False,,,param_incompatibility,2.46
Grid_offline_ref,fir,412,False,,,param_incompatibility,2.45
Grid_offline_ref,fir,413,False,,,param_incompatibility,2.41
Grid_offline_ref,fir,414,False,,,param_incompatibility,2.41
Grid_offline_ref,fir,415,False,,,param_incompatibility,0.41
Grid_offline_ref,fir,416,False,,,param_incompatibility,2.41
Grid_offline_ref,fir,417,False,,,param_incompatibility,2.43
Grid_offline_ref,fir,418,False,,,param_incompatibility,2.45
Grid_offline_ref,fir,419,False,,,param_incompatibility,2.42
Grid_offline_ref,histogram,0,True,359.0,15.0,,2.52
Grid_offline_ref,histogram,1,False,,,param_incompatibility,0.41
Grid_offline_ref,histogram,2,True,359.0,15.0,,2.5
Grid_offline_ref,histogram,3,True,359.0,15.0,,2.52
Grid_offline_ref,histogram,4,False,,,param_incompatibility,2.46
Grid_offline_ref,histogram,5,True,359.0,15.0,,2.52
Grid_offline_ref,histogram,6,True,458.0,18.0,,2.49
Grid_offline_ref,histogram,7,False,,,param_incompatibility,0.41
Grid_offline_ref,histogram,8,True,458.0,18.0,,2.47
Grid_offline_ref,histogram,9,True,458.0,18.0,,2.53
Grid_offline_ref,histogram,10,False,,,param_incompatibility,2.52
Grid_offline_ref,histogram,11,True,525.0,18.0,,2.5
Grid_offline_ref,histogram,12,True,359.0,12.0,,2.53
Grid_offline_ref,histogram,13,False,,,param_incompatibility,0.41
Grid_offline_ref,histogram,14,True,359.0,12.0,,2.51
Grid_offline_ref,histogram,15,True,359.0,12.0,,2.51
Grid_offline_ref,histogram,16,False,,,param_incompatibility,2.48
Grid_offline_ref,histogram,17,True,359.0,12.0,,2.51
Grid_offline_ref,histogram,18,True,459.0,14.0,,2.5
Grid_offline_ref,histogram,19,False,,,param_incompatibility,0.41
Grid_offline_ref,histogram,20,True,459.0,14.0,,2.51
Grid_offline_ref,histogram,21,True,459.0,14.0,,2.53
Grid_offline_ref,histogram,22,False,,,param_incompatibility,2.48
Grid_offline_ref,histogram,23,True,526.0,14.0,,2.56
Grid_offline_ref,histogram,24,True,359.0,9.0,,2.5
Grid_offline_ref,histogram,25,False,,,param_incompatibility,0.41
Grid_offline_ref,histogram,26,True,359.0,9.0,,2.49
Grid_offline_ref,histogram,27,True,359.0,9.0,,2.49
Grid_offline_ref,histogram,28,False,,,param_incompatibility,2.52
Grid_offline_ref,histogram,29,True,359.0,9.0,,2.53
Grid_offline_ref,histogram,30,True,460.0,13.0,,2.51
Grid_offline_ref,histogram,31,False,,,param_incompatibility,0.41
Grid_offline_ref,histogram,32,True,460.0,13.0,,2.52
Grid_offline_ref,histogram,33,True,460.0,13.0,,2.47
Grid_offline_ref,histogram,34,False,,,param_incompatibility,2.52
Grid_offline_ref,histogram,35,True,527.0,13.0,,2.49
Grid_offline_ref,histogram,36,True,360.0,8.0,,2.52
Grid_offline_ref,histogram,37,False,,,param_incompatibility,0.42
Grid_offline_ref,histogram,38,True,360.0,8.0,,2.5
Grid_offline_ref,histogram,39,True,360.0,8.0,,2.55
Grid_offline_ref,histogram,40,False,,,param_incompatibility,2.53
Grid_offline_ref,histogram,41,True,360.0,8.0,,2.51
Grid_offline_ref,histogram,42,True,460.0,12.0,,2.5
Grid_offline_ref,histogram,43,False,,,param_incompatibility,0.41
Grid_offline_ref,histogram,44,True,460.0,12.0,,2.51
Grid_offline_ref,histogram,45,True,460.0,12.0,,2.54
Grid_offline_ref,histogram,46,False,,,param_incompatibility,2.49
Grid_offline_ref,histogram,47,True,527.0,12.0,,2.51
Grid_offline_ref,histogram,48,True,359.0,8.0,,2.49
Grid_offline_ref,histogram,49,False,,,param_incompatibility,0.41
Grid_offline_ref,histogram,50,True,359.0,8.0,,2.5
Grid_offline_ref,histogram,51,True,359.0,8.0,,2.51
Grid_offline_ref,histogram,52,False,,,param_incompatibility,2.48
Grid_offline_ref,histogram,53,True,359.0,8.0,,2.51
Grid_offline_ref,histogram,54,True,460.0,12.0,,2.5
Grid_offline_ref,histogram,55,False,,,param_incompatibility,0.42
Grid_offline_ref,histogram,56,True,460.0,12.0,,2.55
Grid_offline_ref,histogram,57,True,460.0,12.0,,2.52
Grid_offline_ref,histogram,58,False,,,param_incompatibility,2.51
Grid_offline_ref,histogram,59,True,527.0,12.0,,2.55
Grid_offline_ref,histogram,60,True,359.0,8.0,,2.51
Grid_offline_ref,histogram,61,False,,,param_incompatibility,0.42
Grid_offline_ref,histogram,62,True,359.0,8.0,,2.59
Grid_offline_ref,histogram,63,True,359.0,8.0,,2.64
Grid_offline_ref,histogram,64,False,,,param_incompatibility,2.54
Grid_offline_ref,histogram,65,True,359.0,8.0,,2.57
Grid_offline_ref,histogram,66,True,460.0,12.0,,2.53
Grid_offline_ref,histogram,67,False,,,param_incompatibility,0.42
Grid_offline_ref,histogram,68,True,460.0,12.0,,2.6
Grid_offline_ref,histogram,69,True,460.0,12.0,,2.52
Grid_offline_ref,histogram,70,False,,,param_incompatibility,2.49
Grid_offline_ref,histogram,71,True,527.0,12.0,,2.52
Grid_offline_ref,histogram,72,True,359.0,8.0,,2.54
Grid_offline_ref,histogram,73,False,,,param_incompatibility,0.41
Grid_offline_ref,histogram,74,True,359.0,8.0,,2.49
Grid_offline_ref,histogram,75,True,359.0,8.0,,2.54
Grid_offline_ref,histogram,76,False,,,param_incompatibility,2.49
Grid_offline_ref,histogram,77,True,359.0,8.0,,2.47
Grid_offline_ref,histogram,78,True,460.0,12.0,,2.52
Grid_offline_ref,histogram,79,False,,,param_incompatibility,0.42
Grid_offline_ref,histogram,80,True,460.0,12.0,,2.54
Grid_offline_ref,histogram,81,True,460.0,12.0,,2.5
Grid_offline_ref,histogram,82,False,,,param_incompatibility,2.47
Grid_offline_ref,histogram,83,True,527.0,12.0,,2.51
Grid_offline_ref,histogram,84,False,,,pipeline_phi_conflict,2.47
Grid_offline_ref,histogram,85,False,,,param_incompatibility,0.41
Grid_offline_ref,histogram,86,False,,,pipeline_phi_conflict,2.5
Grid_offline_ref,histogram,87,False,,,pipeline_phi_conflict,2.47
Grid_offline_ref,histogram,88,False,,,pipeline_phi_conflict,2.47
Grid_offline_ref,histogram,89,False,,,pipeline_phi_conflict,2.48
Grid_offline_ref,histogram,90,False,,,pipeline_phi_conflict,2.46
Grid_offline_ref,histogram,91,False,,,param_incompatibility,0.41
Grid_offline_ref,histogram,92,False,,,pipeline_phi_conflict,2.46
Grid_offline_ref,histogram,93,False,,,pipeline_phi_conflict,2.48
Grid_offline_ref,histogram,94,False,,,pipeline_phi_conflict,2.45
Grid_offline_ref,histogram,95,False,,,pipeline_phi_conflict,2.5
Grid_offline_ref,histogram,96,False,,,param_incompatibility,2.48
Grid_offline_ref,histogram,97,False,,,param_incompatibility,0.41
Grid_offline_ref,histogram,98,False,,,param_incompatibility,2.47
Grid_offline_ref,histogram,99,False,,,param_incompatibility,2.49
Grid_offline_ref,histogram,100,False,,,param_incompatibility,2.5
Grid_offline_ref,histogram,101,False,,,param_incompatibility,2.61
Grid_offline_ref,histogram,102,False,,,param_incompatibility,2.51
Grid_offline_ref,histogram,103,False,,,param_incompatibility,0.41
Grid_offline_ref,histogram,104,False,,,param_incompatibility,2.47
Grid_offline_ref,histogram,105,False,,,param_incompatibility,2.47
Grid_offline_ref,histogram,106,False,,,param_incompatibility,2.47
Grid_offline_ref,histogram,107,False,,,param_incompatibility,2.45
Grid_offline_ref,histogram,108,False,,,param_incompatibility,2.47
Grid_offline_ref,histogram,109,False,,,param_incompatibility,0.4
Grid_offline_ref,histogram,110,False,,,param_incompatibility,2.48
Grid_offline_ref,histogram,111,False,,,param_incompatibility,2.49
Grid_offline_ref,histogram,112,False,,,param_incompatibility,2.51
Grid_offline_ref,histogram,113,False,,,param_incompatibility,2.52
Grid_offline_ref,histogram,114,False,,,param_incompatibility,2.48
Grid_offline_ref,histogram,115,False,,,param_incompatibility,0.4
Grid_offline_ref,histogram,116,False,,,param_incompatibility,2.46
Grid_offline_ref,histogram,117,False,,,param_incompatibility,2.47
Grid_offline_ref,histogram,118,False,,,param_incompatibility,2.51
Grid_offline_ref,histogram,119,False,,,param_incompatibility,2.47
Grid_offline_ref,histogram,120,False,,,param_incompatibility,2.48
Grid_offline_ref,histogram,121,False,,,param_incompatibility,0.41
Grid_offline_ref,histogram,122,False,,,param_incompatibility,2.47
Grid_offline_ref,histogram,123,False,,,param_incompatibility,2.47
Grid_offline_ref,histogram,124,False,,,param_incompatibility,2.53
Grid_offline_ref,histogram,125,False,,,param_incompatibility,2.49
Grid_offline_ref,histogram,126,False,,,param_incompatibility,2.48
Grid_offline_ref,histogram,127,False,,,param_incompatibility,0.41
Grid_offline_ref,histogram,128,False,,,param_incompatibility,2.46
Grid_offline_ref,histogram,129,False,,,param_incompatibility,2.47
Grid_offline_ref,histogram,130,False,,,param_incompatibility,2.51
Grid_offline_ref,histogram,131,False,,,param_incompatibility,2.48
Grid_offline_ref,histogram,132,False,,,pipeline_phi_conflict,2.49
Grid_offline_ref,histogram,133,False,,,param_incompatibility,0.41
Grid_offline_ref,histogram,134,False,,,pipeline_phi_conflict,2.59
Grid_offline_ref,histogram,135,False,,,pipeline_phi_conflict,2.55
Grid_offline_ref,histogram,136,False,,,pipeline_phi_conflict,2.5
Grid_offline_ref,histogram,137,False,,,pipeline_phi_conflict,2.48
Grid_offline_ref,histogram,138,False,,,pipeline_phi_conflict,2.47
Grid_offline_ref,histogram,139,False,,,param_incompatibility,0.41
Grid_offline_ref,histogram,140,False,,,pipeline_phi_conflict,2.46
Grid_offline_ref,histogram,141,False,,,pipeline_phi_conflict,2.47
Grid_offline_ref,histogram,142,False,,,pipeline_phi_conflict,2.49
Grid_offline_ref,histogram,143,False,,,pipeline_phi_conflict,2.46
Grid_offline_ref,histogram,144,False,,,param_incompatibility,2.47
Grid_offline_ref,histogram,145,False,,,param_incompatibility,0.41
Grid_offline_ref,histogram,146,False,,,param_incompatibility,2.44
Grid_offline_ref,histogram,147,False,,,param_incompatibility,2.49
Grid_offline_ref,histogram,148,False,,,param_incompatibility,2.53
Grid_offline_ref,histogram,149,False,,,param_incompatibility,2.51
Grid_offline_ref,histogram,150,False,,,param_incompatibility,2.5
Grid_offline_ref,histogram,151,False,,,param_incompatibility,0.42
Grid_offline_ref,histogram,152,False,,,param_incompatibility,2.49
Grid_offline_ref,histogram,153,False,,,param_incompatibility,2.47
Grid_offline_ref,histogram,154,False,,,param_incompatibility,2.47
Grid_offline_ref,histogram,155,False,,,param_incompatibility,2.46
Grid_offline_ref,histogram,156,False,,,param_incompatibility,2.48
Grid_offline_ref,histogram,157,False,,,param_incompatibility,0.41
Grid_offline_ref,histogram,158,False,,,param_incompatibility,2.46
Grid_offline_ref,histogram,159,False,,,param_incompatibility,2.48
Grid_offline_ref,histogram,160,False,,,param_incompatibility,2.46
Grid_offline_ref,histogram,161,False,,,param_incompatibility,2.45
Grid_offline_ref,histogram,162,False,,,param_incompatibility,2.48
Grid_offline_ref,histogram,163,False,,,param_incompatibility,0.41
Grid_offline_ref,histogram,164,False,,,param_incompatibility,2.48
Grid_offline_ref,histogram,165,False,,,param_incompatibility,2.49
Grid_offline_ref,histogram,166,False,,,param_incompatibility,2.51
Grid_offline_ref,histogram,167,False,,,param_incompatibility,2.44
Grid_offline_ref,histogram,168,False,,,param_incompatibility,2.46
Grid_offline_ref,histogram,169,False,,,param_incompatibility,0.42
Grid_offline_ref,histogram,170,False,,,param_incompatibility,2.49
Grid_offline_ref,histogram,171,False,,,param_incompatibility,2.5
Grid_offline_ref,histogram,172,False,,,param_incompatibility,2.49
Grid_offline_ref,histogram,173,False,,,param_incompatibility,2.55
Grid_offline_ref,histogram,174,False,,,param_incompatibility,2.49
Grid_offline_ref,histogram,175,False,,,param_incompatibility,0.41
Grid_offline_ref,histogram,176,False,,,param_incompatibility,2.5
Grid_offline_ref,histogram,177,False,,,param_incompatibility,2.56
Grid_offline_ref,histogram,178,False,,,param_incompatibility,2.49
Grid_offline_ref,histogram,179,False,,,param_incompatibility,2.5
Grid_offline_ref,histogram,180,False,,,pipeline_phi_conflict,2.51
Grid_offline_ref,histogram,181,False,,,param_incompatibility,0.43
Grid_offline_ref,histogram,182,False,,,pipeline_phi_conflict,2.48
Grid_offline_ref,histogram,183,False,,,pipeline_phi_conflict,2.49
Grid_offline_ref,histogram,184,False,,,pipeline_phi_conflict,2.53
Grid_offline_ref,histogram,185,False,,,pipeline_phi_conflict,2.62
Grid_offline_ref,histogram,186,False,,,pipeline_phi_conflict,2.5
Grid_offline_ref,histogram,187,False,,,param_incompatibility,0.42
Grid_offline_ref,histogram,188,False,,,pipeline_phi_conflict,2.52
Grid_offline_ref,histogram,189,False,,,pipeline_phi_conflict,2.49
Grid_offline_ref,histogram,190,False,,,pipeline_phi_conflict,2.55
Grid_offline_ref,histogram,191,False,,,pipeline_phi_conflict,2.53
Grid_offline_ref,histogram,192,False,,,param_incompatibility,2.52
Grid_offline_ref,histogram,193,False,,,param_incompatibility,0.41
Grid_offline_ref,histogram,194,False,,,param_incompatibility,2.52
Grid_offline_ref,histogram,195,False,,,param_incompatibility,2.53
Grid_offline_ref,histogram,196,False,,,param_incompatibility,2.49
Grid_offline_ref,histogram,197,False,,,param_incompatibility,2.48
Grid_offline_ref,histogram,198,False,,,param_incompatibility,2.48
Grid_offline_ref,histogram,199,False,,,param_incompatibility,0.41
Grid_offline_ref,histogram,200,False,,,param_incompatibility,2.46
Grid_offline_ref,histogram,201,False,,,param_incompatibility,2.49
Grid_offline_ref,histogram,202,False,,,param_incompatibility,2.47
Grid_offline_ref,histogram,203,False,,,param_incompatibility,2.52
Grid_offline_ref,histogram,204,False,,,param_incompatibility,2.5
Grid_offline_ref,histogram,205,False,,,param_incompatibility,0.41
Grid_offline_ref,histogram,206,False,,,param_incompatibility,2.48
Grid_offline_ref,histogram,207,False,,,param_incompatibility,2.45
Grid_offline_ref,histogram,208,False,,,param_incompatibility,2.49
Grid_offline_ref,histogram,209,False,,,param_incompatibility,2.48
Grid_offline_ref,histogram,210,False,,,param_incompatibility,2.49
Grid_offline_ref,histogram,211,False,,,param_incompatibility,0.41
Grid_offline_ref,histogram,212,False,,,param_incompatibility,2.49
Grid_offline_ref,histogram,213,False,,,param_incompatibility,2.5
Grid_offline_ref,histogram,214,False,,,param_incompatibility,2.48
Grid_offline_ref,histogram,215,False,,,param_incompatibility,2.51
Grid_offline_ref,histogram,216,False,,,param_incompatibility,2.49
Grid_offline_ref,histogram,217,False,,,param_incompatibility,0.41
Grid_offline_ref,histogram,218,False,,,param_incompatibility,2.46
Grid_offline_ref,histogram,219,False,,,param_incompatibility,2.45
Grid_offline_ref,histogram,220,False,,,param_incompatibility,2.48
Grid_offline_ref,histogram,221,False,,,param_incompatibility,2.47
Grid_offline_ref,histogram,222,False,,,param_incompatibility,2.48
Grid_offline_ref,histogram,223,False,,,param_incompatibility,0.41
Grid_offline_ref,histogram,224,False,,,param_incompatibility,2.46
Grid_offline_ref,histogram,225,False,,,param_incompatibility,2.49
Grid_offline_ref,histogram,226,False,,,param_incompatibility,2.5
Grid_offline_ref,histogram,227,False,,,param_incompatibility,2.48
Grid_offline_ref,histogram,228,False,,,pipeline_phi_conflict,2.46
Grid_offline_ref,histogram,229,False,,,param_incompatibility,0.41
Grid_offline_ref,histogram,230,False,,,pipeline_phi_conflict,2.49
Grid_offline_ref,histogram,231,False,,,pipeline_phi_conflict,2.52
Grid_offline_ref,histogram,232,False,,,pipeline_phi_conflict,2.48
Grid_offline_ref,histogram,233,False,,,pipeline_phi_conflict,2.46
Grid_offline_ref,histogram,234,False,,,pipeline_phi_conflict,2.45
Grid_offline_ref,histogram,235,False,,,param_incompatibility,0.42
Grid_offline_ref,histogram,236,False,,,pipeline_phi_conflict,2.49
Grid_offline_ref,histogram,237,False,,,pipeline_phi_conflict,2.48
Grid_offline_ref,histogram,238,False,,,pipeline_phi_conflict,2.46
Grid_offline_ref,histogram,239,False,,,pipeline_phi_conflict,2.54
Grid_offline_ref,histogram,240,False,,,param_incompatibility,2.51
Grid_offline_ref,histogram,241,False,,,param_incompatibility,0.41
Grid_offline_ref,histogram,242,False,,,param_incompatibility,2.5
Grid_offline_ref,histogram,243,False,,,param_incompatibility,2.48
Grid_offline_ref,histogram,244,False,,,param_incompatibility,2.49
Grid_offline_ref,histogram,245,False,,,param_incompatibility,2.46
Grid_offline_ref,histogram,246,False,,,param_incompatibility,2.48
Grid_offline_ref,histogram,247,False,,,param_incompatibility,0.41
Grid_offline_ref,histogram,248,False,,,param_incompatibility,2.48
Grid_offline_ref,histogram,249,False,,,param_incompatibility,2.49
Grid_offline_ref,histogram,250,False,,,param_incompatibility,2.49
Grid_offline_ref,histogram,251,False,,,param_incompatibility,2.44
Grid_offline_ref,histogram,252,False,,,param_incompatibility,2.46
Grid_offline_ref,histogram,253,False,,,param_incompatibility,0.4
Grid_offline_ref,histogram,254,False,,,param_incompatibility,2.47
Grid_offline_ref,histogram,255,False,,,param_incompatibility,2.45
Grid_offline_ref,histogram,256,False,,,param_incompatibility,2.48
Grid_offline_ref,histogram,257,False,,,param_incompatibility,2.48
Grid_offline_ref,histogram,258,False,,,param_incompatibility,2.45
Grid_offline_ref,histogram,259,False,,,param_incompatibility,0.41
Grid_offline_ref,histogram,260,False,,,param_incompatibility,2.46
Grid_offline_ref,histogram,261,False,,,param_incompatibility,2.51
Grid_offline_ref,histogram,262,False,,,param_incompatibility,2.54
Grid_offline_ref,histogram,263,False,,,param_incompatibility,2.53
Grid_offline_ref,histogram,264,False,,,param_incompatibility,2.47
Grid_offline_ref,histogram,265,False,,,param_incompatibility,0.41
Grid_offline_ref,histogram,266,False,,,param_incompatibility,2.49
Grid_offline_ref,histogram,267,False,,,param_incompatibility,2.47
Grid_offline_ref,histogram,268,False,,,param_incompatibility,2.48
Grid_offline_ref,histogram,269,False,,,param_incompatibility,2.45
Grid_offline_ref,histogram,270,False,,,param_incompatibility,2.49
Grid_offline_ref,histogram,271,False,,,param_incompatibility,0.41
Grid_offline_ref,histogram,272,False,,,param_incompatibility,2.49
Grid_offline_ref,histogram,273,False,,,param_incompatibility,2.46
Grid_offline_ref,histogram,274,False,,,param_incompatibility,2.48
Grid_offline_ref,histogram,275,False,,,param_incompatibility,2.47
Grid_offline_ref,histogram,276,False,,,pipeline_phi_conflict,2.44
Grid_offline_ref,histogram,277,False,,,param_incompatibility,0.41
Grid_offline_ref,histogram,278,False,,,pipeline_phi_conflict,2.47
Grid_offline_ref,histogram,279,False,,,pipeline_phi_conflict,2.46
Grid_offline_ref,histogram,280,False,,,pipeline_phi_conflict,2.5
Grid_offline_ref,histogram,281,False,,,pipeline_phi_conflict,2.48
Grid_offline_ref,histogram,282,False,,,pipeline_phi_conflict,2.47
Grid_offline_ref,histogram,283,False,,,param_incompatibility,0.41
Grid_offline_ref,histogram,284,False,,,pipeline_phi_conflict,2.46
Grid_offline_ref,histogram,285,False,,,pipeline_phi_conflict,2.46
Grid_offline_ref,histogram,286,False,,,pipeline_phi_conflict,2.44
Grid_offline_ref,histogram,287,False,,,pipeline_phi_conflict,2.46
Grid_offline_ref,histogram,288,False,,,param_incompatibility,2.46
Grid_offline_ref,histogram,289,False,,,param_incompatibility,0.44
Grid_offline_ref,histogram,290,False,,,param_incompatibility,2.48
Grid_offline_ref,histogram,291,False,,,param_incompatibility,2.47
Grid_offline_ref,histogram,292,False,,,param_incompatibility,2.46
Grid_offline_ref,histogram,293,False,,,param_incompatibility,2.46
Grid_offline_ref,histogram,294,False,,,param_incompatibility,2.48
Grid_offline_ref,histogram,295,False,,,param_incompatibility,0.41
Grid_offline_ref,histogram,296,False,,,param_incompatibility,2.49
Grid_offline_ref,histogram,297,False,,,param_incompatibility,2.47
Grid_offline_ref,histogram,298,False,,,param_incompatibility,2.44
Grid_offline_ref,histogram,299,False,,,param_incompatibility,2.48
Grid_offline_ref,histogram,300,False,,,param_incompatibility,2.48
Grid_offline_ref,histogram,301,False,,,param_incompatibility,0.41
Grid_offline_ref,histogram,302,False,,,param_incompatibility,2.48
Grid_offline_ref,histogram,303,False,,,param_incompatibility,2.47
Grid_offline_ref,histogram,304,False,,,param_incompatibility,2.5
Grid_offline_ref,histogram,305,False,,,param_incompatibility,2.51
Grid_offline_ref,histogram,306,False,,,param_incompatibility,2.48
Grid_offline_ref,histogram,307,False,,,param_incompatibility,0.4
Grid_offline_ref,histogram,308,False,,,param_incompatibility,2.45
Grid_offline_ref,histogram,309,False,,,param_incompatibility,2.46
Grid_offline_ref,histogram,310,False,,,param_incompatibility,2.48
Grid_offline_ref,histogram,311,False,,,param_incompatibility,2.44
Grid_offline_ref,histogram,312,False,,,param_incompatibility,2.45
Grid_offline_ref,histogram,313,False,,,param_incompatibility,0.41
Grid_offline_ref,histogram,314,False,,,param_incompatibility,2.48
Grid_offline_ref,histogram,315,False,,,param_incompatibility,2.46
Grid_offline_ref,histogram,316,False,,,param_incompatibility,2.46
Grid_offline_ref,histogram,317,False,,,param_incompatibility,2.47
Grid_offline_ref,histogram,318,False,,,param_incompatibility,2.47
Grid_offline_ref,histogram,319,False,,,param_incompatibility,0.41
Grid_offline_ref,histogram,320,False,,,param_incompatibility,2.49
Grid_offline_ref,histogram,321,False,,,param_incompatibility,2.49
Grid_offline_ref,histogram,322,False,,,param_incompatibility,2.45
Grid_offline_ref,histogram,323,False,,,param_incompatibility,2.47
Grid_offline_ref,histogram,324,False,,,pipeline_phi_conflict,2.51
Grid_offline_ref,histogram,325,False,,,param_incompatibility,0.41
Grid_offline_ref,histogram,326,False,,,pipeline_phi_conflict,2.47
Grid_offline_ref,histogram,327,False,,,pipeline_phi_conflict,2.46
Grid_offline_ref,histogram,328,False,,,pipeline_phi_conflict,2.45
Grid_offline_ref,histogram,329,False,,,pipeline_phi_conflict,2.45
Grid_offline_ref,histogram,330,False,,,pipeline_phi_conflict,2.46
Grid_offline_ref,histogram,331,False,,,param_incompatibility,0.41
Grid_offline_ref,histogram,332,False,,,pipeline_phi_conflict,2.47
Grid_offline_ref,histogram,333,False,,,pipeline_phi_conflict,2.46
Grid_offline_ref,histogram,334,False,,,pipeline_phi_conflict,2.47
Grid_offline_ref,histogram,335,False,,,pipeline_phi_conflict,2.51
Grid_offline_ref,histogram,336,False,,,param_incompatibility,2.54
Grid_offline_ref,histogram,337,False,,,param_incompatibility,0.41
Grid_offline_ref,histogram,338,False,,,param_incompatibility,2.47
Grid_offline_ref,histogram,339,False,,,param_incompatibility,2.49
Grid_offline_ref,histogram,340,False,,,param_incompatibility,2.5
Grid_offline_ref,histogram,341,False,,,param_incompatibility,2.5
Grid_offline_ref,histogram,342,False,,,param_incompatibility,2.49
Grid_offline_ref,histogram,343,False,,,param_incompatibility,0.41
Grid_offline_ref,histogram,344,False,,,param_incompatibility,2.5
Grid_offline_ref,histogram,345,False,,,param_incompatibility,2.52
Grid_offline_ref,histogram,346,False,,,param_incompatibility,2.53
Grid_offline_ref,histogram,347,False,,,param_incompatibility,2.5
Grid_offline_ref,histogram,348,False,,,param_incompatibility,2.49
Grid_offline_ref,histogram,349,False,,,param_incompatibility,0.42
Grid_offline_ref,histogram,350,False,,,param_incompatibility,2.51
Grid_offline_ref,histogram,351,False,,,param_incompatibility,2.47
Grid_offline_ref,histogram,352,False,,,param_incompatibility,2.48
Grid_offline_ref,histogram,353,False,,,param_incompatibility,2.49
Grid_offline_ref,histogram,354,False,,,param_incompatibility,2.47
Grid_offline_ref,histogram,355,False,,,param_incompatibility,0.41
Grid_offline_ref,histogram,356,False,,,param_incompatibility,2.49
Grid_offline_ref,histogram,357,False,,,param_incompatibility,2.49
Grid_offline_ref,histogram,358,False,,,param_incompatibility,2.5
Grid_offline_ref,histogram,359,False,,,param_incompatibility,2.52
Grid_offline_ref,histogram,360,False,,,param_incompatibility,2.47
Grid_offline_ref,histogram,361,False,,,param_incompatibility,0.41
Grid_offline_ref,histogram,362,False,,,param_incompatibility,2.48
Grid_offline_ref,histogram,363,False,,,param_incompatibility,2.47
Grid_offline_ref,histogram,364,False,,,param_incompatibility,2.49
Grid_offline_ref,histogram,365,False,,,param_incompatibility,2.51
Grid_offline_ref,histogram,366,False,,,param_incompatibility,2.47
Grid_offline_ref,histogram,367,False,,,param_incompatibility,0.41
Grid_offline_ref,histogram,368,False,,,param_incompatibility,2.46
Grid_offline_ref,histogram,369,False,,,param_incompatibility,2.52
Grid_offline_ref,histogram,370,False,,,param_incompatibility,2.45
Grid_offline_ref,histogram,371,False,,,param_incompatibility,2.49
Grid_offline_ref,histogram,372,False,,,pipeline_phi_conflict,2.48
Grid_offline_ref,histogram,373,False,,,param_incompatibility,0.41
Grid_offline_ref,histogram,374,False,,,pipeline_phi_conflict,2.46
Grid_offline_ref,histogram,375,False,,,pipeline_phi_conflict,2.49
Grid_offline_ref,histogram,376,False,,,pipeline_phi_conflict,2.51
Grid_offline_ref,histogram,377,False,,,pipeline_phi_conflict,2.51
Grid_offline_ref,histogram,378,False,,,pipeline_phi_conflict,2.49
Grid_offline_ref,histogram,379,False,,,param_incompatibility,0.41
Grid_offline_ref,histogram,380,False,,,pipeline_phi_conflict,2.56
Grid_offline_ref,histogram,381,False,,,pipeline_phi_conflict,2.49
Grid_offline_ref,histogram,382,False,,,pipeline_phi_conflict,2.51
Grid_offline_ref,histogram,383,False,,,pipeline_phi_conflict,2.5
Grid_offline_ref,histogram,384,False,,,param_incompatibility,2.51
Grid_offline_ref,histogram,385,False,,,param_incompatibility,0.41
Grid_offline_ref,histogram,386,False,,,param_incompatibility,2.48
Grid_offline_ref,histogram,387,False,,,param_incompatibility,2.5
Grid_offline_ref,histogram,388,False,,,param_incompatibility,2.47
Grid_offline_ref,histogram,389,False,,,param_incompatibility,2.46
Grid_offline_ref,histogram,390,False,,,param_incompatibility,2.48
Grid_offline_ref,histogram,391,False,,,param_incompatibility,0.41
Grid_offline_ref,histogram,392,False,,,param_incompatibility,2.48
Grid_offline_ref,histogram,393,False,,,param_incompatibility,2.45
Grid_offline_ref,histogram,394,False,,,param_incompatibility,2.49
Grid_offline_ref,histogram,395,False,,,param_incompatibility,2.48
Grid_offline_ref,histogram,396,False,,,param_incompatibility,2.46
Grid_offline_ref,histogram,397,False,,,param_incompatibility,0.41
Grid_offline_ref,histogram,398,False,,,param_incompatibility,2.47
Grid_offline_ref,histogram,399,False,,,param_incompatibility,2.5
Grid_offline_ref,histogram,400,False,,,param_incompatibility,2.52
Grid_offline_ref,histogram,401,False,,,param_incompatibility,2.57
Grid_offline_ref,histogram,402,False,,,param_incompatibility,2.5
Grid_offline_ref,histogram,403,False,,,param_incompatibility,0.41
Grid_offline_ref,histogram,404,False,,,param_incompatibility,2.49
Grid_offline_ref,histogram,405,False,,,param_incompatibility,2.51
Grid_offline_ref,histogram,406,False,,,param_incompatibility,2.48
Grid_offline_ref,histogram,407,False,,,param_incompatibility,2.51
Grid_offline_ref,histogram,408,False,,,param_incompatibility,2.49
Grid_offline_ref,histogram,409,False,,,param_incompatibility,0.42
Grid_offline_ref,histogram,410,False,,,param_incompatibility,2.51
Grid_offline_ref,histogram,411,False,,,param_incompatibility,2.52
Grid_offline_ref,histogram,412,False,,,param_incompatibility,2.49
Grid_offline_ref,histogram,413,False,,,param_incompatibility,2.5
Grid_offline_ref,histogram,414,False,,,param_incompatibility,2.46
Grid_offline_ref,histogram,415,False,,,param_incompatibility,0.43
Grid_offline_ref,histogram,416,False,,,param_incompatibility,2.47
Grid_offline_ref,histogram,417,False,,,param_incompatibility,2.46
Grid_offline_ref,histogram,418,False,,,param_incompatibility,2.46
Grid_offline_ref,histogram,419,False,,,param_incompatibility,2.48
Grid_offline_ref,atax,0,True,643.0,43.0,,2.56
Grid_offline_ref,atax,1,False,,,param_incompatibility,0.41
Grid_offline_ref,atax,2,True,643.0,43.0,,2.54
Grid_offline_ref,atax,3,True,643.0,43.0,,2.53
Grid_offline_ref,atax,4,False,,,param_incompatibility,2.54
Grid_offline_ref,atax,5,True,713.0,42.0,,2.55
Grid_offline_ref,atax,6,True,774.0,55.0,,2.58
Grid_offline_ref,atax,7,False,,,param_incompatibility,0.41
Grid_offline_ref,atax,8,True,774.0,55.0,,2.56
Grid_offline_ref,atax,9,True,774.0,55.0,,2.63
Grid_offline_ref,atax,10,False,,,param_incompatibility,2.54
Grid_offline_ref,atax,11,True,1084.0,49.0,,2.53
Grid_offline_ref,atax,12,True,673.0,29.0,,2.53
Grid_offline_ref,atax,13,False,,,param_incompatibility,0.41
Grid_offline_ref,atax,14,True,673.0,29.0,,2.55
Grid_offline_ref,atax,15,True,673.0,29.0,,2.56
Grid_offline_ref,atax,16,False,,,param_incompatibility,2.48
Grid_offline_ref,atax,17,True,758.0,28.0,,2.52
Grid_offline_ref,atax,18,True,806.0,38.0,,2.54
Grid_offline_ref,atax,19,False,,,param_incompatibility,0.41
Grid_offline_ref,atax,20,True,806.0,38.0,,2.56
Grid_offline_ref,atax,21,True,806.0,38.0,,2.53
Grid_offline_ref,atax,22,False,,,param_incompatibility,2.58
Grid_offline_ref,atax,23,True,1196.0,32.0,,2.54
Grid_offline_ref,atax,24,True,673.0,21.0,,2.51
Grid_offline_ref,atax,25,False,,,param_incompatibility,0.41
Grid_offline_ref,atax,26,True,673.0,21.0,,2.55
Grid_offline_ref,atax,27,True,673.0,21.0,,2.54
Grid_offline_ref,atax,28,False,,,param_incompatibility,2.51
Grid_offline_ref,atax,29,True,756.0,19.0,,2.54
Grid_offline_ref,atax,30,True,806.0,35.0,,2.58
Grid_offline_ref,atax,31,False,,,param_incompatibility,0.41
Grid_offline_ref,atax,32,True,806.0,35.0,,2.58
Grid_offline_ref,atax,33,True,806.0,35.0,,2.59
Grid_offline_ref,atax,34,False,,,param_incompatibility,2.54
Grid_offline_ref,atax,35,True,1196.0,29.0,,2.57
Grid_offline_ref,atax,36,True,690.0,18.0,,2.55
Grid_offline_ref,atax,37,False,,,param_incompatibility,0.41
Grid_offline_ref,atax,38,True,690.0,18.0,,2.56
Grid_offline_ref,atax,39,True,690.0,18.0,,2.55
Grid_offline_ref,atax,40,False,,,param_incompatibility,2.57
Grid_offline_ref,atax,41,True,756.0,16.0,,2.58
Grid_offline_ref,atax,42,True,823.0,30.0,,2.57
Grid_offline_ref,atax,43,False,,,param_incompatibility,0.41
Grid_offline_ref,atax,44,True,823.0,30.0,,2.58
Grid_offline_ref,atax,45,True,823.0,30.0,,2.56
Grid_offline_ref,atax,46,False,,,param_incompatibility,2.59
Grid_offline_ref,atax,47,True,1196.0,25.0,,2.54
Grid_offline_ref,atax,48,True,725.0,17.0,,2.54
Grid_offline_ref,atax,49,False,,,param_incompatibility,0.41
Grid_offline_ref,atax,50,True,725.0,17.0,,2.56
Grid_offline_ref,atax,51,True,725.0,17.0,,2.59
Grid_offline_ref,atax,52,False,,,param_incompatibility,2.52
Grid_offline_ref,atax,53,True,807.0,14.0,,2.6
Grid_offline_ref,atax,54,True,840.0,29.0,,2.54
Grid_offline_ref,atax,55,False,,,param_incompatibility,0.43
Grid_offline_ref,atax,56,True,840.0,29.0,,2.55
Grid_offline_ref,atax,57,True,840.0,29.0,,2.56
Grid_offline_ref,atax,58,False,,,param_incompatibility,2.54
Grid_offline_ref,atax,59,True,1196.0,23.0,,2.56
Grid_offline_ref,atax,60,True,725.0,17.0,,2.54
Grid_offline_ref,atax,61,False,,,param_incompatibility,0.41
Grid_offline_ref,atax,62,True,725.0,17.0,,2.54
Grid_offline_ref,atax,63,True,725.0,17.0,,2.55
Grid_offline_ref,atax,64,False,,,param_incompatibility,2.51
Grid_offline_ref,atax,65,True,791.0,14.0,,2.51
Grid_offline_ref,atax,66,True,823.0,29.0,,2.54
Grid_offline_ref,atax,67,False,,,param_incompatibility,0.44
Grid_offline_ref,atax,68,True,823.0,29.0,,2.57
Grid_offline_ref,atax,69,True,823.0,29.0,,2.57
Grid_offline_ref,atax,70,False,,,param_incompatibility,2.54
Grid_offline_ref,atax,71,True,1231.0,23.0,,2.53
Grid_offline_ref,atax,72,True,725.0,17.0,,2.51
Grid_offline_ref,atax,73,False,,,param_incompatibility,0.4
Grid_offline_ref,atax,74,True,725.0,17.0,,2.51
Grid_offline_ref,atax,75,True,725.0,17.0,,2.53
Grid_offline_ref,atax,76,False,,,param_incompatibility,2.48
Grid_offline_ref,atax,77,True,791.0,14.0,,2.58
Grid_offline_ref,atax,78,True,823.0,29.0,,2.54
Grid_offline_ref,atax,79,False,,,param_incompatibility,0.41
Grid_offline_ref,atax,80,True,823.0,29.0,,2.55
Grid_offline_ref,atax,81,True,823.0,29.0,,2.54
Grid_offline_ref,atax,82,False,,,param_incompatibility,2.52
Grid_offline_ref,atax,83,True,1231.0,23.0,,2.54
Grid_offline_ref,atax,84,False,,,pipeline_phi_conflict,2.47
Grid_offline_ref,atax,85,False,,,param_incompatibility,0.41
Grid_offline_ref,atax,86,False,,,pipeline_phi_conflict,2.5
Grid_offline_ref,atax,87,False,,,pipeline_phi_conflict,2.5
Grid_offline_ref,atax,88,False,,,pipeline_phi_conflict,2.53
Grid_offline_ref,atax,89,False,,,pipeline_phi_conflict,2.46
Grid_offline_ref,atax,90,False,,,pipeline_phi_conflict,2.51
Grid_offline_ref,atax,91,False,,,param_incompatibility,0.41
Grid_offline_ref,atax,92,False,,,pipeline_phi_conflict,2.5
Grid_offline_ref,atax,93,False,,,pipeline_phi_conflict,2.51
Grid_offline_ref,atax,94,False,,,pipeline_phi_conflict,2.54
Grid_offline_ref,atax,95,False,,,pipeline_phi_conflict,2.52
Grid_offline_ref,atax,96,False,,,param_incompatibility,2.52
Grid_offline_ref,atax,97,False,,,param_incompatibility,0.41
Grid_offline_ref,atax,98,False,,,param_incompatibility,2.54
Grid_offline_ref,atax,99,False,,,param_incompatibility,2.52
Grid_offline_ref,atax,100,False,,,param_incompatibility,2.52
Grid_offline_ref,atax,101,False,,,param_incompatibility,2.5
Grid_offline_ref,atax,102,False,,,param_incompatibility,2.52
Grid_offline_ref,atax,103,False,,,param_incompatibility,0.41
Grid_offline_ref,atax,104,False,,,param_incompatibility,2.53
Grid_offline_ref,atax,105,False,,,param_incompatibility,2.53
Grid_offline_ref,atax,106,False,,,param_incompatibility,2.55
Grid_offline_ref,atax,107,False,,,param_incompatibility,2.53
Grid_offline_ref,atax,108,False,,,param_incompatibility,2.56
Grid_offline_ref,atax,109,False,,,param_incompatibility,0.41
Grid_offline_ref,atax,110,False,,,param_incompatibility,2.54
Grid_offline_ref,atax,111,False,,,param_incompatibility,2.53
Grid_offline_ref,atax,112,False,,,param_incompatibility,2.55
Grid_offline_ref,atax,113,False,,,param_incompatibility,2.55
Grid_offline_ref,atax,114,False,,,param_incompatibility,2.54
Grid_offline_ref,atax,115,False,,,param_incompatibility,0.41
Grid_offline_ref,atax,116,False,,,param_incompatibility,2.54
Grid_offline_ref,atax,117,False,,,param_incompatibility,2.51
Grid_offline_ref,atax,118,False,,,param_incompatibility,2.51
Grid_offline_ref,atax,119,False,,,param_incompatibility,2.51
Grid_offline_ref,atax,120,False,,,param_incompatibility,2.52
Grid_offline_ref,atax,121,False,,,param_incompatibility,0.41
Grid_offline_ref,atax,122,False,,,param_incompatibility,2.52
Grid_offline_ref,atax,123,False,,,param_incompatibility,2.52
Grid_offline_ref,atax,124,False,,,param_incompatibility,2.49
Grid_offline_ref,atax,125,False,,,param_incompatibility,2.52
Grid_offline_ref,atax,126,False,,,param_incompatibility,2.54
Grid_offline_ref,atax,127,False,,,param_incompatibility,0.41
Grid_offline_ref,atax,128,False,,,param_incompatibility,2.54
Grid_offline_ref,atax,129,False,,,param_incompatibility,2.52
Grid_offline_ref,atax,130,False,,,param_incompatibility,2.52
Grid_offline_ref,atax,131,False,,,param_incompatibility,2.51
Grid_offline_ref,atax,132,False,,,pipeline_phi_conflict,2.48
Grid_offline_ref,atax,133,False,,,param_incompatibility,0.45
Grid_offline_ref,atax,134,False,,,pipeline_phi_conflict,2.57
Grid_offline_ref,atax,135,False,,,pipeline_phi_conflict,2.52
Grid_offline_ref,atax,136,False,,,pipeline_phi_conflict,2.53
Grid_offline_ref,atax,137,False,,,pipeline_phi_conflict,2.51
Grid_offline_ref,atax,138,False,,,pipeline_phi_conflict,2.51
Grid_offline_ref,atax,139,False,,,param_incompatibility,0.41
Grid_offline_ref,atax,140,False,,,pipeline_phi_conflict,2.5
Grid_offline_ref,atax,141,False,,,pipeline_phi_conflict,2.51
Grid_offline_ref,atax,142,False,,,pipeline_phi_conflict,2.51
Grid_offline_ref,atax,143,False,,,pipeline_phi_conflict,2.51
Grid_offline_ref,atax,144,False,,,param_incompatibility,2.53
Grid_offline_ref,atax,145,False,,,param_incompatibility,0.41
Grid_offline_ref,atax,146,False,,,param_incompatibility,2.54
Grid_offline_ref,atax,147,False,,,param_incompatibility,2.55
Grid_offline_ref,atax,148,False,,,param_incompatibility,2.55
Grid_offline_ref,atax,149,False,,,param_incompatibility,2.53
Grid_offline_ref,atax,150,False,,,param_incompatibility,2.53
Grid_offline_ref,atax,151,False,,,param_incompatibility,0.41
Grid_offline_ref,atax,152,False,,,param_incompatibility,2.56
Grid_offline_ref,atax,153,False,,,param_incompatibility,2.55
Grid_offline_ref,atax,154,False,,,param_incompatibility,2.53
Grid_offline_ref,atax,155,False,,,param_incompatibility,2.51
Grid_offline_ref,atax,156,False,,,param_incompatibility,2.51
Grid_offline_ref,atax,157,False,,,param_incompatibility,0.41
Grid_offline_ref,atax,158,False,,,param_incompatibility,2.52
Grid_offline_ref,atax,159,False,,,param_incompatibility,2.53
Grid_offline_ref,atax,160,False,,,param_incompatibility,2.52
Grid_offline_ref,atax,161,False,,,param_incompatibility,2.51
Grid_offline_ref,atax,162,False,,,param_incompatibility,2.51
Grid_offline_ref,atax,163,False,,,param_incompatibility,0.41
Grid_offline_ref,atax,164,False,,,param_incompatibility,2.51
Grid_offline_ref,atax,165,False,,,param_incompatibility,2.51
Grid_offline_ref,atax,166,False,,,param_incompatibility,2.49
Grid_offline_ref,atax,167,False,,,param_incompatibility,2.49
Grid_offline_ref,atax,168,False,,,param_incompatibility,2.5
Grid_offline_ref,atax,169,False,,,param_incompatibility,0.41
Grid_offline_ref,atax,170,False,,,param_incompatibility,2.55
Grid_offline_ref,atax,171,False,,,param_incompatibility,2.56
Grid_offline_ref,atax,172,False,,,param_incompatibility,2.51
Grid_offline_ref,atax,173,False,,,param_incompatibility,2.51
Grid_offline_ref,atax,174,False,,,param_incompatibility,2.5
Grid_offline_ref,atax,175,False,,,param_incompatibility,0.41
Grid_offline_ref,atax,176,False,,,param_incompatibility,2.5
Grid_offline_ref,atax,177,False,,,param_incompatibility,2.52
Grid_offline_ref,atax,178,False,,,param_incompatibility,2.47
Grid_offline_ref,atax,179,False,,,param_incompatibility,2.52
Grid_offline_ref,atax,180,False,,,pipeline_phi_conflict,2.52
Grid_offline_ref,atax,181,False,,,param_incompatibility,0.41
Grid_offline_ref,atax,182,False,,,pipeline_phi_conflict,2.49
Grid_offline_ref,atax,183,False,,,pipeline_phi_conflict,2.5
Grid_offline_ref,atax,184,False,,,pipeline_phi_conflict,2.52
Grid_offline_ref,atax,185,False,,,pipeline_phi_conflict,2.51
Grid_offline_ref,atax,186,False,,,pipeline_phi_conflict,2.55
Grid_offline_ref,atax,187,False,,,param_incompatibility,0.41
Grid_offline_ref,atax,188,False,,,pipeline_phi_conflict,2.51
Grid_offline_ref,atax,189,False,,,pipeline_phi_conflict,2.54
Grid_offline_ref,atax,190,False,,,pipeline_phi_conflict,2.58
Grid_offline_ref,atax,191,False,,,pipeline_phi_conflict,2.58
Grid_offline_ref,atax,192,False,,,param_incompatibility,2.6
Grid_offline_ref,atax,193,False,,,param_incompatibility,0.42
Grid_offline_ref,atax,194,False,,,param_incompatibility,2.59
Grid_offline_ref,atax,195,False,,,param_incompatibility,2.57
Grid_offline_ref,atax,196,False,,,param_incompatibility,2.57
Grid_offline_ref,atax,197,False,,,param_incompatibility,2.58
Grid_offline_ref,atax,198,False,,,param_incompatibility,2.62
Grid_offline_ref,atax,199,False,,,param_incompatibility,0.43
Grid_offline_ref,atax,200,False,,,param_incompatibility,2.56
Grid_offline_ref,atax,201,False,,,param_incompatibility,2.55
Grid_offline_ref,atax,202,False,,,param_incompatibility,2.56
Grid_offline_ref,atax,203,False,,,param_incompatibility,2.58
Grid_offline_ref,atax,204,False,,,param_incompatibility,2.55
Grid_offline_ref,atax,205,False,,,param_incompatibility,0.43
Grid_offline_ref,atax,206,False,,,param_incompatibility,2.55
Grid_offline_ref,atax,207,False,,,param_incompatibility,2.54
Grid_offline_ref,atax,208,False,,,param_incompatibility,2.54
Grid_offline_ref,atax,209,False,,,param_incompatibility,2.51
Grid_offline_ref,atax,210,False,,,param_incompatibility,2.54
Grid_offline_ref,atax,211,False,,,param_incompatibility,0.41
Grid_offline_ref,atax,212,False,,,param_incompatibility,2.54
Grid_offline_ref,atax,213,False,,,param_incompatibility,2.54
Grid_offline_ref,atax,214,False,,,param_incompatibility,2.52
Grid_offline_ref,atax,215,False,,,param_incompatibility,2.53
Grid_offline_ref,atax,216,False,,,param_incompatibility,2.52
Grid_offline_ref,atax,217,False,,,param_incompatibility,0.41
Grid_offline_ref,atax,218,False,,,param_incompatibility,2.49
Grid_offline_ref,atax,219,False,,,param_incompatibility,2.5
Grid_offline_ref,atax,220,False,,,param_incompatibility,2.52
Grid_offline_ref,atax,221,False,,,param_incompatibility,2.57
Grid_offline_ref,atax,222,False,,,param_incompatibility,2.51
Grid_offline_ref,atax,223,False,,,param_incompatibility,0.41
Grid_offline_ref,atax,224,False,,,param_incompatibility,2.51
Grid_offline_ref,atax,225,False,,,param_incompatibility,2.49
Grid_offline_ref,atax,226,False,,,param_incompatibility,2.53
Grid_offline_ref,atax,227,False,,,param_incompatibility,2.52
Grid_offline_ref,atax,228,False,,,pipeline_phi_conflict,2.48
Grid_offline_ref,atax,229,False,,,param_incompatibility,0.41
Grid_offline_ref,atax,230,False,,,pipeline_phi_conflict,2.51
Grid_offline_ref,atax,231,False,,,pipeline_phi_conflict,2.47
Grid_offline_ref,atax,232,False,,,pipeline_phi_conflict,2.49
Grid_offline_ref,atax,233,False,,,pipeline_phi_conflict,2.53
Grid_offline_ref,atax,234,False,,,pipeline_phi_conflict,2.49
Grid_offline_ref,atax,235,False,,,param_incompatibility,0.41
Grid_offline_ref,atax,236,False,,,pipeline_phi_conflict,2.57
Grid_offline_ref,atax,237,False,,,pipeline_phi_conflict,2.58
Grid_offline_ref,atax,238,False,,,pipeline_phi_conflict,2.56
Grid_offline_ref,atax,239,False,,,pipeline_phi_conflict,2.52
Grid_offline_ref,atax,240,False,,,param_incompatibility,2.55
Grid_offline_ref,atax,241,False,,,param_incompatibility,0.45
Grid_offline_ref,atax,242,False,,,param_incompatibility,2.59
Grid_offline_ref,atax,243,False,,,param_incompatibility,2.53
Grid_offline_ref,atax,244,False,,,param_incompatibility,2.51
Grid_offline_ref,atax,245,False,,,param_incompatibility,2.51
Grid_offline_ref,atax,246,False,,,param_incompatibility,2.47
Grid_offline_ref,atax,247,False,,,param_incompatibility,0.42
Grid_offline_ref,atax,248,False,,,param_incompatibility,2.51
Grid_offline_ref,atax,249,False,,,param_incompatibility,2.52
Grid_offline_ref,atax,250,False,,,param_incompatibility,2.52
Grid_offline_ref,atax,251,False,,,param_incompatibility,2.54
Grid_offline_ref,atax,252,False,,,param_incompatibility,2.5
Grid_offline_ref,atax,253,False,,,param_incompatibility,0.41
Grid_offline_ref,atax,254,False,,,param_incompatibility,2.49
Grid_offline_ref,atax,255,False,,,param_incompatibility,2.47
Grid_offline_ref,atax,256,False,,,param_incompatibility,2.51
Grid_offline_ref,atax,257,False,,,param_incompatibility,2.51
Grid_offline_ref,atax,258,False,,,param_incompatibility,2.5
Grid_offline_ref,atax,259,False,,,param_incompatibility,0.42
Grid_offline_ref,atax,260,False,,,param_incompatibility,2.51
Grid_offline_ref,atax,261,False,,,param_incompatibility,2.62
Grid_offline_ref,atax,262,False,,,param_incompatibility,2.5
Grid_offline_ref,atax,263,False,,,param_incompatibility,2.5
Grid_offline_ref,atax,264,False,,,param_incompatibility,2.51
Grid_offline_ref,atax,265,False,,,param_incompatibility,0.41
Grid_offline_ref,atax,266,False,,,param_incompatibility,2.53
Grid_offline_ref,atax,267,False,,,param_incompatibility,2.51
Grid_offline_ref,atax,268,False,,,param_incompatibility,2.48
Grid_offline_ref,atax,269,False,,,param_incompatibility,2.49
Grid_offline_ref,atax,270,False,,,param_incompatibility,2.49
Grid_offline_ref,atax,271,False,,,param_incompatibility,0.42
Grid_offline_ref,atax,272,False,,,param_incompatibility,2.51
Grid_offline_ref,atax,273,False,,,param_incompatibility,2.5
Grid_offline_ref,atax,274,False,,,param_incompatibility,2.49
Grid_offline_ref,atax,275,False,,,param_incompatibility,2.49
Grid_offline_ref,atax,276,False,,,pipeline_phi_conflict,2.52
Grid_offline_ref,atax,277,False,,,param_incompatibility,0.41
Grid_offline_ref,atax,278,False,,,pipeline_phi_conflict,2.52
Grid_offline_ref,atax,279,False,,,pipeline_phi_conflict,2.5
Grid_offline_ref,atax,280,False,,,pipeline_phi_conflict,2.5
Grid_offline_ref,atax,281,False,,,pipeline_phi_conflict,2.54
Grid_offline_ref,atax,282,False,,,pipeline_phi_conflict,2.5
Grid_offline_ref,atax,283,False,,,param_incompatibility,0.41
Grid_offline_ref,atax,284,False,,,pipeline_phi_conflict,2.49
Grid_offline_ref,atax,285,False,,,pipeline_phi_conflict,2.53
Grid_offline_ref,atax,286,False,,,pipeline_phi_conflict,2.48
Grid_offline_ref,atax,287,False,,,pipeline_phi_conflict,2.5
Grid_offline_ref,atax,288,False,,,param_incompatibility,2.56
Grid_offline_ref,atax,289,False,,,param_incompatibility,0.41
Grid_offline_ref,atax,290,False,,,param_incompatibility,2.52
Grid_offline_ref,atax,291,False,,,param_incompatibility,2.54
Grid_offline_ref,atax,292,False,,,param_incompatibility,2.53
Grid_offline_ref,atax,293,False,,,param_incompatibility,2.49
Grid_offline_ref,atax,294,False,,,param_incompatibility,2.5
Grid_offline_ref,atax,295,False,,,param_incompatibility,0.41
Grid_offline_ref,atax,296,False,,,param_incompatibility,2.51
Grid_offline_ref,atax,297,False,,,param_incompatibility,2.55
Grid_offline_ref,atax,298,False,,,param_incompatibility,2.51
Grid_offline_ref,atax,299,False,,,param_incompatibility,2.48
Grid_offline_ref,atax,300,False,,,param_incompatibility,2.52
Grid_offline_ref,atax,301,False,,,param_incompatibility,0.41
Grid_offline_ref,atax,302,False,,,param_incompatibility,2.5
Grid_offline_ref,atax,303,False,,,param_incompatibility,2.48
Grid_offline_ref,atax,304,False,,,param_incompatibility,2.5
Grid_offline_ref,atax,305,False,,,param_incompatibility,2.53
Grid_offline_ref,atax,306,False,,,param_incompatibility,2.5
Grid_offline_ref,atax,307,False,,,param_incompatibility,0.41
Grid_offline_ref,atax,308,False,,,param_incompatibility,2.51
Grid_offline_ref,atax,309,False,,,param_incompatibility,2.52
Grid_offline_ref,atax,310,False,,,param_incompatibility,2.49
Grid_offline_ref,atax,311,False,,,param_incompatibility,2.5
Grid_offline_ref,atax,312,False,,,param_incompatibility,2.57
Grid_offline_ref,atax,313,False,,,param_incompatibility,0.42
Grid_offline_ref,atax,314,False,,,param_incompatibility,2.53
Grid_offline_ref,atax,315,False,,,param_incompatibility,2.52
Grid_offline_ref,atax,316,False,,,param_incompatibility,2.49
Grid_offline_ref,atax,317,False,,,param_incompatibility,2.49
Grid_offline_ref,atax,318,False,,,param_incompatibility,2.5
Grid_offline_ref,atax,319,False,,,param_incompatibility,0.41
Grid_offline_ref,atax,320,False,,,param_incompatibility,2.48
Grid_offline_ref,atax,321,False,,,param_incompatibility,2.46
Grid_offline_ref,atax,322,False,,,param_incompatibility,2.48
Grid_offline_ref,atax,323,False,,,param_incompatibility,2.48
Grid_offline_ref,atax,324,False,,,pipeline_phi_conflict,2.52
Grid_offline_ref,atax,325,False,,,param_incompatibility,0.41
Grid_offline_ref,atax,326,False,,,pipeline_phi_conflict,2.48
Grid_offline_ref,atax,327,False,,,pipeline_phi_conflict,2.5
Grid_offline_ref,atax,328,False,,,pipeline_phi_conflict,2.5
Grid_offline_ref,atax,329,False,,,pipeline_phi_conflict,2.52
Grid_offline_ref,atax,330,False,,,pipeline_phi_conflict,2.48
Grid_offline_ref,atax,331,False,,,param_incompatibility,0.41
Grid_offline_ref,atax,332,False,,,pipeline_phi_conflict,2.48
Grid_offline_ref,atax,333,False,,,pipeline_phi_conflict,2.5
Grid_offline_ref,atax,334,False,,,pipeline_phi_conflict,2.48
Grid_offline_ref,atax,335,False,,,pipeline_phi_conflict,2.51
Grid_offline_ref,atax,336,False,,,param_incompatibility,2.53
Grid_offline_ref,atax,337,False,,,param_incompatibility,0.41
Grid_offline_ref,atax,338,False,,,param_incompatibility,2.48
Grid_offline_ref,atax,339,False,,,param_incompatibility,2.48
Grid_offline_ref,atax,340,False,,,param_incompatibility,2.49
Grid_offline_ref,atax,341,False,,,param_incompatibility,2.47
Grid_offline_ref,atax,342,False,,,param_incompatibility,2.52
Grid_offline_ref,atax,343,False,,,param_incompatibility,0.41
Grid_offline_ref,atax,344,False,,,param_incompatibility,2.5
Grid_offline_ref,atax,345,False,,,param_incompatibility,2.52
Grid_offline_ref,atax,346,False,,,param_incompatibility,2.5
Grid_offline_ref,atax,347,False,,,param_incompatibility,2.49
Grid_offline_ref,atax,348,False,,,param_incompatibility,2.49
Grid_offline_ref,atax,349,False,,,param_incompatibility,0.41
Grid_offline_ref,atax,350,False,,,param_incompatibility,2.51
Grid_offline_ref,atax,351,False,,,param_incompatibility,2.52
Grid_offline_ref,atax,352,False,,,param_incompatibility,2.54
Grid_offline_ref,atax,353,False,,,param_incompatibility,2.53
Grid_offline_ref,atax,354,False,,,param_incompatibility,2.48
Grid_offline_ref,atax,355,False,,,param_incompatibility,0.41
Grid_offline_ref,atax,356,False,,,param_incompatibility,2.48
Grid_offline_ref,atax,357,False,,,param_incompatibility,2.48
Grid_offline_ref,atax,358,False,,,param_incompatibility,2.51
Grid_offline_ref,atax,359,False,,,param_incompatibility,2.51
Grid_offline_ref,atax,360,False,,,param_incompatibility,2.52
Grid_offline_ref,atax,361,False,,,param_incompatibility,0.41
Grid_offline_ref,atax,362,False,,,param_incompatibility,2.5
Grid_offline_ref,atax,363,False,,,param_incompatibility,2.48
Grid_offline_ref,atax,364,False,,,param_incompatibility,2.48
Grid_offline_ref,atax,365,False,,,param_incompatibility,2.5
Grid_offline_ref,atax,366,False,,,param_incompatibility,2.49
Grid_offline_ref,atax,367,False,,,param_incompatibility,0.41
Grid_offline_ref,atax,368,False,,,param_incompatibility,2.48
Grid_offline_ref,atax,369,False,,,param_incompatibility,2.52
Grid_offline_ref,atax,370,False,,,param_incompatibility,2.49
Grid_offline_ref,atax,371,False,,,param_incompatibility,2.52
Grid_offline_ref,atax,372,False,,,pipeline_phi_conflict,2.51
Grid_offline_ref,atax,373,False,,,param_incompatibility,0.41
Grid_offline_ref,atax,374,False,,,pipeline_phi_conflict,2.54
Grid_offline_ref,atax,375,False,,,pipeline_phi_conflict,2.54
Grid_offline_ref,atax,376,False,,,pipeline_phi_conflict,2.52
Grid_offline_ref,atax,377,False,,,pipeline_phi_conflict,2.53
Grid_offline_ref,atax,378,False,,,pipeline_phi_conflict,2.53
Grid_offline_ref,atax,379,False,,,param_incompatibility,0.41
Grid_offline_ref,atax,380,False,,,pipeline_phi_conflict,2.49
Grid_offline_ref,atax,381,False,,,pipeline_phi_conflict,2.49
Grid_offline_ref,atax,382,False,,,pipeline_phi_conflict,2.52
Grid_offline_ref,atax,383,False,,,pipeline_phi_conflict,2.54
Grid_offline_ref,atax,384,False,,,param_incompatibility,2.52
Grid_offline_ref,atax,385,False,,,param_incompatibility,0.41
Grid_offline_ref,atax,386,False,,,param_incompatibility,2.5
Grid_offline_ref,atax,387,False,,,param_incompatibility,2.52
Grid_offline_ref,atax,388,False,,,param_incompatibility,2.51
Grid_offline_ref,atax,389,False,,,param_incompatibility,2.57
Grid_offline_ref,atax,390,False,,,param_incompatibility,2.49
Grid_offline_ref,atax,391,False,,,param_incompatibility,0.42
Grid_offline_ref,atax,392,False,,,param_incompatibility,2.54
Grid_offline_ref,atax,393,False,,,param_incompatibility,2.51
Grid_offline_ref,atax,394,False,,,param_incompatibility,2.5
Grid_offline_ref,atax,395,False,,,param_incompatibility,2.52
Grid_offline_ref,atax,396,False,,,param_incompatibility,2.51
Grid_offline_ref,atax,397,False,,,param_incompatibility,0.42
Grid_offline_ref,atax,398,False,,,param_incompatibility,2.52
Grid_offline_ref,atax,399,False,,,param_incompatibility,2.55
Grid_offline_ref,atax,400,False,,,param_incompatibility,2.54
Grid_offline_ref,atax,401,False,,,param_incompatibility,2.5
Grid_offline_ref,atax,402,False,,,param_incompatibility,2.52
Grid_offline_ref,atax,403,False,,,param_incompatibility,0.42
Grid_offline_ref,atax,404,False,,,param_incompatibility,2.52
Grid_offline_ref,atax,405,False,,,param_incompatibility,2.54
Grid_offline_ref,atax,406,False,,,param_incompatibility,2.5
Grid_offline_ref,atax,407,False,,,param_incompatibility,2.51
Grid_offline_ref,atax,408,False,,,param_incompatibility,2.49
Grid_offline_ref,atax,409,False,,,param_incompatibility,0.42
Grid_offline_ref,atax,410,False,,,param_incompatibility,2.56
Grid_offline_ref,atax,411,False,,,param_incompatibility,2.51
Grid_offline_ref,atax,412,False,,,param_incompatibility,2.51
Grid_offline_ref,atax,413,False,,,param_incompatibility,2.49
Grid_offline_ref,atax,414,False,,,param_incompatibility,2.5
Grid_offline_ref,atax,415,False,,,param_incompatibility,0.41
Grid_offline_ref,atax,416,False,,,param_incompatibility,2.49
Grid_offline_ref,atax,417,False,,,param_incompatibility,2.49
Grid_offline_ref,atax,418,False,,,param_incompatibility,2.51
Grid_offline_ref,atax,419,False,,,param_incompatibility,2.53
Grid_offline_ref,bicg,0,True,658.0,32.0,,2.58
Grid_offline_ref,bicg,1,False,,,param_incompatibility,0.46
Grid_offline_ref,bicg,2,True,658.0,32.0,,2.58
Grid_offline_ref,bicg,3,True,658.0,32.0,,2.56
Grid_offline_ref,bicg,4,False,,,param_incompatibility,2.56
Grid_offline_ref,bicg,5,True,725.0,30.0,,2.57
Grid_offline_ref,bicg,6,True,757.0,43.0,,2.56
Grid_offline_ref,bicg,7,False,,,param_incompatibility,0.41
Grid_offline_ref,bicg,8,True,757.0,43.0,,2.54
Grid_offline_ref,bicg,9,True,757.0,43.0,,2.56
Grid_offline_ref,bicg,10,False,,,param_incompatibility,2.56
Grid_offline_ref,bicg,11,True,1029.0,39.0,,2.59
Grid_offline_ref,bicg,12,True,673.0,23.0,,2.6
Grid_offline_ref,bicg,13,False,,,param_incompatibility,0.41
Grid_offline_ref,bicg,14,True,673.0,23.0,,2.56
Grid_offline_ref,bicg,15,True,673.0,23.0,,2.57
Grid_offline_ref,bicg,16,False,,,param_incompatibility,2.54
Grid_offline_ref,bicg,17,True,740.0,21.0,,2.61
Grid_offline_ref,bicg,18,True,805.0,30.0,,2.56
Grid_offline_ref,bicg,19,False,,,param_incompatibility,0.41
Grid_offline_ref,bicg,20,True,805.0,30.0,,2.57
Grid_offline_ref,bicg,21,True,805.0,30.0,,2.56
Grid_offline_ref,bicg,22,False,,,param_incompatibility,2.54
Grid_offline_ref,bicg,23,True,1161.0,26.0,,2.58
Grid_offline_ref,bicg,24,True,673.0,16.0,,2.6
Grid_offline_ref,bicg,25,False,,,param_incompatibility,0.41
Grid_offline_ref,bicg,26,True,673.0,16.0,,2.54
Grid_offline_ref,bicg,27,True,673.0,16.0,,2.51
Grid_offline_ref,bicg,28,False,,,param_incompatibility,2.5
Grid_offline_ref,bicg,29,True,740.0,14.0,,2.54
Grid_offline_ref,bicg,30,True,805.0,28.0,,2.56
Grid_offline_ref,bicg,31,False,,,param_incompatibility,0.41
Grid_offline_ref,bicg,32,True,805.0,28.0,,2.58
Grid_offline_ref,bicg,33,True,805.0,28.0,,2.55
Grid_offline_ref,bicg,34,False,,,param_incompatibility,2.53
Grid_offline_ref,bicg,35,True,1161.0,24.0,,2.51
Grid_offline_ref,bicg,36,True,690.0,14.0,,2.54
Grid_offline_ref,bicg,37,False,,,param_incompatibility,0.41
Grid_offline_ref,bicg,38,True,690.0,14.0,,2.56
Grid_offline_ref,bicg,39,True,690.0,14.0,,2.53
Grid_offline_ref,bicg,40,False,,,param_incompatibility,2.52
Grid_offline_ref,bicg,41,True,757.0,12.0,,2.54
Grid_offline_ref,bicg,42,True,822.0,24.0,,2.54
Grid_offline_ref,bicg,43,False,,,param_incompatibility,0.41
Grid_offline_ref,bicg,44,True,822.0,24.0,,2.52
Grid_offline_ref,bicg,45,True,822.0,24.0,,2.55
Grid_offline_ref,bicg,46,False,,,param_incompatibility,2.53
Grid_offline_ref,bicg,47,True,1161.0,20.0,,2.56
Grid_offline_ref,bicg,48,True,673.0,14.0,,2.57
Grid_offline_ref,bicg,49,False,,,param_incompatibility,0.41
Grid_offline_ref,bicg,50,True,673.0,14.0,,2.54
Grid_offline_ref,bicg,51,True,673.0,14.0,,2.59
Grid_offline_ref,bicg,52,False,,,param_incompatibility,2.51
Grid_offline_ref,bicg,53,True,740.0,12.0,,2.56
Grid_offline_ref,bicg,54,True,805.0,24.0,,2.57
Grid_offline_ref,bicg,55,False,,,param_incompatibility,0.41
Grid_offline_ref,bicg,56,True,805.0,24.0,,2.57
Grid_offline_ref,bicg,57,True,805.0,24.0,,2.55
Grid_offline_ref,bicg,58,False,,,param_incompatibility,2.58
Grid_offline_ref,bicg,59,True,1212.0,20.0,,2.59
Grid_offline_ref,bicg,60,True,673.0,14.0,,2.58
Grid_offline_ref,bicg,61,False,,,param_incompatibility,0.42
Grid_offline_ref,bicg,62,True,673.0,14.0,,2.56
Grid_offline_ref,bicg,63,True,673.0,14.0,,2.59
Grid_offline_ref,bicg,64,False,,,param_incompatibility,2.53
Grid_offline_ref,bicg,65,True,740.0,12.0,,2.57
Grid_offline_ref,bicg,66,True,805.0,24.0,,2.54
Grid_offline_ref,bicg,67,False,,,param_incompatibility,0.41
Grid_offline_ref,bicg,68,True,805.0,24.0,,2.55
Grid_offline_ref,bicg,69,True,805.0,24.0,,2.57
Grid_offline_ref,bicg,70,False,,,param_incompatibility,2.52
Grid_offline_ref,bicg,71,True,1212.0,20.0,,2.58
Grid_offline_ref,bicg,72,True,673.0,14.0,,2.54
Grid_offline_ref,bicg,73,False,,,param_incompatibility,0.41
Grid_offline_ref,bicg,74,True,673.0,14.0,,2.55
Grid_offline_ref,bicg,75,True,673.0,14.0,,2.55
Grid_offline_ref,bicg,76,False,,,param_incompatibility,2.51
Grid_offline_ref,bicg,77,True,740.0,12.0,,2.54
Grid_offline_ref,bicg,78,True,805.0,24.0,,2.55
Grid_offline_ref,bicg,79,False,,,param_incompatibility,0.41
Grid_offline_ref,bicg,80,True,805.0,24.0,,2.53
Grid_offline_ref,bicg,81,True,805.0,24.0,,2.55
Grid_offline_ref,bicg,82,False,,,param_incompatibility,2.53
Grid_offline_ref,bicg,83,True,1212.0,20.0,,2.57
Grid_offline_ref,bicg,84,False,,,pipeline_phi_conflict,2.5
Grid_offline_ref,bicg,85,False,,,param_incompatibility,0.41
Grid_offline_ref,bicg,86,False,,,pipeline_phi_conflict,2.49
Grid_offline_ref,bicg,87,False,,,pipeline_phi_conflict,2.5
Grid_offline_ref,bicg,88,False,,,pipeline_phi_conflict,2.47
Grid_offline_ref,bicg,89,False,,,pipeline_phi_conflict,2.5
Grid_offline_ref,bicg,90,False,,,pipeline_phi_conflict,2.49
Grid_offline_ref,bicg,91,False,,,param_incompatibility,0.41
Grid_offline_ref,bicg,92,False,,,pipeline_phi_conflict,2.53
Grid_offline_ref,bicg,93,False,,,pipeline_phi_conflict,2.5
Grid_offline_ref,bicg,94,False,,,pipeline_phi_conflict,2.53
Grid_offline_ref,bicg,95,False,,,pipeline_phi_conflict,2.52
Grid_offline_ref,bicg,96,False,,,param_incompatibility,2.51
Grid_offline_ref,bicg,97,False,,,param_incompatibility,0.41
Grid_offline_ref,bicg,98,False,,,param_incompatibility,2.51
Grid_offline_ref,bicg,99,False,,,param_incompatibility,2.54
Grid_offline_ref,bicg,100,False,,,param_incompatibility,2.5
Grid_offline_ref,bicg,101,False,,,param_incompatibility,2.49
Grid_offline_ref,bicg,102,False,,,param_incompatibility,2.48
Grid_offline_ref,bicg,103,False,,,param_incompatibility,0.41
Grid_offline_ref,bicg,104,False,,,param_incompatibility,2.54
Grid_offline_ref,bicg,105,False,,,param_incompatibility,2.52
Grid_offline_ref,bicg,106,False,,,param_incompatibility,2.49
Grid_offline_ref,bicg,107,False,,,param_incompatibility,2.5
Grid_offline_ref,bicg,108,False,,,param_incompatibility,2.52
Grid_offline_ref,bicg,109,False,,,param_incompatibility,0.41
Grid_offline_ref,bicg,110,False,,,param_incompatibility,2.52
Grid_offline_ref,bicg,111,False,,,param_incompatibility,2.51
Grid_offline_ref,bicg,112,False,,,param_incompatibility,2.51
Grid_offline_ref,bicg,113,False,,,param_incompatibility,2.52
Grid_offline_ref,bicg,114,False,,,param_incompatibility,2.51
Grid_offline_ref,bicg,115,False,,,param_incompatibility,0.41
Grid_offline_ref,bicg,116,False,,,param_incompatibility,2.51
Grid_offline_ref,bicg,117,False,,,param_incompatibility,2.54
Grid_offline_ref,bicg,118,False,,,param_incompatibility,2.52
Grid_offline_ref,bicg,119,False,,,param_incompatibility,2.57
Grid_offline_ref,bicg,120,False,,,param_incompatibility,2.52
Grid_offline_ref,bicg,121,False,,,param_incompatibility,0.42
Grid_offline_ref,bicg,122,False,,,param_incompatibility,2.49
Grid_offline_ref,bicg,123,False,,,param_incompatibility,2.5
Grid_offline_ref,bicg,124,False,,,param_incompatibility,2.53
Grid_offline_ref,bicg,125,False,,,param_incompatibility,2.52
Grid_offline_ref,bicg,126,False,,,param_incompatibility,2.52
Grid_offline_ref,bicg,127,False,,,param_incompatibility,0.41
Grid_offline_ref,bicg,128,False,,,param_incompatibility,2.49
Grid_offline_ref,bicg,129,False,,,param_incompatibility,2.52
Grid_offline_ref,bicg,130,False,,,param_incompatibility,2.49
Grid_offline_ref,bicg,131,False,,,param_incompatibility,2.47
Grid_offline_ref,bicg,132,False,,,pipeline_phi_conflict,2.5
Grid_offline_ref,bicg,133,False,,,param_incompatibility,0.41
Grid_offline_ref,bicg,134,False,,,pipeline_phi_conflict,2.52
Grid_offline_ref,bicg,135,False,,,pipeline_phi_conflict,2.53
Grid_offline_ref,bicg,136,False,,,pipeline_phi_conflict,2.5
Grid_offline_ref,bicg,137,False,,,pipeline_phi_conflict,2.52
Grid_offline_ref,bicg,138,False,,,pipeline_phi_conflict,2.53
Grid_offline_ref,bicg,139,False,,,param_incompatibility,0.41
Grid_offline_ref,bicg,140,False,,,pipeline_phi_conflict,2.5
Grid_offline_ref,bicg,141,False,,,pipeline_phi_conflict,2.55
Grid_offline_ref,bicg,142,False,,,pipeline_phi_conflict,2.57
Grid_offline_ref,bicg,143,False,,,pipeline_phi_conflict,2.52
Grid_offline_ref,bicg,144,False,,,param_incompatibility,2.55
Grid_offline_ref,bicg,145,False,,,param_incompatibility,0.41
Grid_offline_ref,bicg,146,False,,,param_incompatibility,2.49
Grid_offline_ref,bicg,147,False,,,param_incompatibility,2.52
Grid_offline_ref,bicg,148,False,,,param_incompatibility,2.58
Grid_offline_ref,bicg,149,False,,,param_incompatibility,2.53
Grid_offline_ref,bicg,150,False,,,param_incompatibility,2.5
Grid_offline_ref,bicg,151,False,,,param_incompatibility,0.41
Grid_offline_ref,bicg,152,False,,,param_incompatibility,2.52
Grid_offline_ref,bicg,153,False,,,param_incompatibility,2.52
Grid_offline_ref,bicg,154,False,,,param_incompatibility,2.57
Grid_offline_ref,bicg,155,False,,,param_incompatibility,2.53
Grid_offline_ref,bicg,156,False,,,param_incompatibility,2.51
Grid_offline_ref,bicg,157,False,,,param_incompatibility,0.41
Grid_offline_ref,bicg,158,False,,,param_incompatibility,2.5
Grid_offline_ref,bicg,159,False,,,param_incompatibility,2.52
Grid_offline_ref,bicg,160,False,,,param_incompatibility,2.53
Grid_offline_ref,bicg,161,False,,,param_incompatibility,2.51
Grid_offline_ref,bicg,162,False,,,param_incompatibility,2.53
Grid_offline_ref,bicg,163,False,,,param_incompatibility,0.41
Grid_offline_ref,bicg,164,False,,,param_incompatibility,2.51
Grid_offline_ref,bicg,165,False,,,param_incompatibility,2.48
Grid_offline_ref,bicg,166,False,,,param_incompatibility,2.51
Grid_offline_ref,bicg,167,False,,,param_incompatibility,2.56
Grid_offline_ref,bicg,168,False,,,param_incompatibility,2.52
Grid_offline_ref,bicg,169,False,,,param_incompatibility,0.41
Grid_offline_ref,bicg,170,False,,,param_incompatibility,2.5
Grid_offline_ref,bicg,171,False,,,param_incompatibility,2.51
Grid_offline_ref,bicg,172,False,,,param_incompatibility,2.56
Grid_offline_ref,bicg,173,False,,,param_incompatibility,2.53
Grid_offline_ref,bicg,174,False,,,param_incompatibility,2.55
Grid_offline_ref,bicg,175,False,,,param_incompatibility,0.42
Grid_offline_ref,bicg,176,False,,,param_incompatibility,2.53
Grid_offline_ref,bicg,177,False,,,param_incompatibility,2.5
Grid_offline_ref,bicg,178,False,,,param_incompatibility,2.52
Grid_offline_ref,bicg,179,False,,,param_incompatibility,2.51
Grid_offline_ref,bicg,180,False,,,pipeline_phi_conflict,2.53
Grid_offline_ref,bicg,181,False,,,param_incompatibility,0.41
Grid_offline_ref,bicg,182,False,,,pipeline_phi_conflict,2.53
Grid_offline_ref,bicg,183,False,,,pipeline_phi_conflict,2.55
Grid_offline_ref,bicg,184,False,,,pipeline_phi_conflict,2.52
Grid_offline_ref,bicg,185,False,,,pipeline_phi_conflict,2.53
Grid_offline_ref,bicg,186,False,,,pipeline_phi_conflict,2.54
Grid_offline_ref,bicg,187,False,,,param_incompatibility,0.41
Grid_offline_ref,bicg,188,False,,,pipeline_phi_conflict,2.52
Grid_offline_ref,bicg,189,False,,,pipeline_phi_conflict,2.53
Grid_offline_ref,bicg,190,False,,,pipeline_phi_conflict,2.54
Grid_offline_ref,bicg,191,False,,,pipeline_phi_conflict,2.51
Grid_offline_ref,bicg,192,False,,,param_incompatibility,2.51
Grid_offline_ref,bicg,193,False,,,param_incompatibility,0.41
Grid_offline_ref,bicg,194,False,,,param_incompatibility,2.51
Grid_offline_ref,bicg,195,False,,,param_incompatibility,2.51
Grid_offline_ref,bicg,196,False,,,param_incompatibility,2.54
Grid_offline_ref,bicg,197,False,,,param_incompatibility,2.49
Grid_offline_ref,bicg,198,False,,,param_incompatibility,2.53
Grid_offline_ref,bicg,199,False,,,param_incompatibility,0.41
Grid_offline_ref,bicg,200,False,,,param_incompatibility,2.53
Grid_offline_ref,bicg,201,False,,,param_incompatibility,2.51
Grid_offline_ref,bicg,202,False,,,param_incompatibility,2.51
Grid_offline_ref,bicg,203,False,,,param_incompatibility,2.52
Grid_offline_ref,bicg,204,False,,,param_incompatibility,2.53
Grid_offline_ref,bicg,205,False,,,param_incompatibility,0.43
Grid_offline_ref,bicg,206,False,,,param_incompatibility,2.53
Grid_offline_ref,bicg,207,False,,,param_incompatibility,2.54
Grid_offline_ref,bicg,208,False,,,param_incompatibility,2.51
Grid_offline_ref,bicg,209,False,,,param_incompatibility,2.52
Grid_offline_ref,bicg,210,False,,,param_incompatibility,2.52
Grid_offline_ref,bicg,211,False,,,param_incompatibility,0.41
Grid_offline_ref,bicg,212,False,,,param_incompatibility,2.49
Grid_offline_ref,bicg,213,False,,,param_incompatibility,2.49
Grid_offline_ref,bicg,214,False,,,param_incompatibility,2.52
Grid_offline_ref,bicg,215,False,,,param_incompatibility,2.53
Grid_offline_ref,bicg,216,False,,,param_incompatibility,2.52
Grid_offline_ref,bicg,217,False,,,param_incompatibility,0.41
Grid_offline_ref,bicg,218,False,,,param_incompatibility,2.5
Grid_offline_ref,bicg,219,False,,,param_incompatibility,2.52
Grid_offline_ref,bicg,220,False,,,param_incompatibility,2.52
Grid_offline_ref,bicg,221,False,,,param_incompatibility,2.57
Grid_offline_ref,bicg,222,False,,,param_incompatibility,2.54
Grid_offline_ref,bicg,223,False,,,param_incompatibility,0.41
Grid_offline_ref,bicg,224,False,,,param_incompatibility,2.54
Grid_offline_ref,bicg,225,False,,,param_incompatibility,2.49
Grid_offline_ref,bicg,226,False,,,param_incompatibility,2.53
Grid_offline_ref,bicg,227,False,,,param_incompatibility,2.54
Grid_offline_ref,bicg,228,False,,,pipeline_phi_conflict,2.51
Grid_offline_ref,bicg,229,False,,,param_incompatibility,0.41
Grid_offline_ref,bicg,230,False,,,pipeline_phi_conflict,2.49
Grid_offline_ref,bicg,231,False,,,pipeline_phi_conflict,2.55
Grid_offline_ref,bicg,232,False,,,pipeline_phi_conflict,2.52
Grid_offline_ref,bicg,233,False,,,pipeline_phi_conflict,2.53
Grid_offline_ref,bicg,234,False,,,pipeline_phi_conflict,2.54
Grid_offline_ref,bicg,235,False,,,param_incompatibility,0.41
Grid_offline_ref,bicg,236,False,,,pipeline_phi_conflict,2.52
Grid_offline_ref,bicg,237,False,,,pipeline_phi_conflict,2.49
Grid_offline_ref,bicg,238,False,,,pipeline_phi_conflict,2.52
Grid_offline_ref,bicg,239,False,,,pipeline_phi_conflict,2.49
Grid_offline_ref,bicg,240,False,,,param_incompatibility,2.51
Grid_offline_ref,bicg,241,False,,,param_incompatibility,0.41
Grid_offline_ref,bicg,242,False,,,param_incompatibility,2.52
Grid_offline_ref,bicg,243,False,,,param_incompatibility,2.51
Grid_offline_ref,bicg,244,False,,,param_incompatibility,2.5
Grid_offline_ref,bicg,245,False,,,param_incompatibility,2.51
Grid_offline_ref,bicg,246,False,,,param_incompatibility,2.5
Grid_offline_ref,bicg,247,False,,,param_incompatibility,0.41
Grid_offline_ref,bicg,248,False,,,param_incompatibility,2.52
Grid_offline_ref,bicg,249,False,,,param_incompatibility,2.52
Grid_offline_ref,bicg,250,False,,,param_incompatibility,2.55
Grid_offline_ref,bicg,251,False,,,param_incompatibility,2.53
Grid_offline_ref,bicg,252,False,,,param_incompatibility,2.51
Grid_offline_ref,bicg,253,False,,,param_incompatibility,0.44
Grid_offline_ref,bicg,254,False,,,param_incompatibility,2.54
Grid_offline_ref,bicg,255,False,,,param_incompatibility,2.55
Grid_offline_ref,bicg,256,False,,,param_incompatibility,2.6
Grid_offline_ref,bicg,257,False,,,param_incompatibility,2.55
Grid_offline_ref,bicg,258,False,,,param_incompatibility,2.56
Grid_offline_ref,bicg,259,False,,,param_incompatibility,0.41
Grid_offline_ref,bicg,260,False,,,param_incompatibility,2.48
Grid_offline_ref,bicg,261,False,,,param_incompatibility,2.48
Grid_offline_ref,bicg,262,False,,,param_incompatibility,2.48
Grid_offline_ref,bicg,263,False,,,param_incompatibility,2.51
Grid_offline_ref,bicg,264,False,,,param_incompatibility,2.54
Grid_offline_ref,bicg,265,False,,,param_incompatibility,0.41
Grid_offline_ref,bicg,266,False,,,param_incompatibility,2.51
Grid_offline_ref,bicg,267,False,,,param_incompatibility,2.56
Grid_offline_ref,bicg,268,False,,,param_incompatibility,2.5
Grid_offline_ref,bicg,269,False,,,param_incompatibility,2.52
Grid_offline_ref,bicg,270,False,,,param_incompatibility,2.51
Grid_offline_ref,bicg,271,False,,,param_incompatibility,0.41
Grid_offline_ref,bicg,272,False,,,param_incompatibility,2.49
Grid_offline_ref,bicg,273,False,,,param_incompatibility,2.5
Grid_offline_ref,bicg,274,False,,,param_incompatibility,2.51
Grid_offline_ref,bicg,275,False,,,param_incompatibility,2.49
Grid_offline_ref,bicg,276,False,,,pipeline_phi_conflict,2.51
Grid_offline_ref,bicg,277,False,,,param_incompatibility,0.41
Grid_offline_ref,bicg,278,False,,,pipeline_phi_conflict,2.51
Grid_offline_ref,bicg,279,False,,,pipeline_phi_conflict,2.52
Grid_offline_ref,bicg,280,False,,,pipeline_phi_conflict,2.49
Grid_offline_ref,bicg,281,False,,,pipeline_phi_conflict,2.49
Grid_offline_ref,bicg,282,False,,,pipeline_phi_conflict,2.52
Grid_offline_ref,bicg,283,False,,,param_incompatibility,0.41
Grid_offline_ref,bicg,284,False,,,pipeline_phi_conflict,2.54
Grid_offline_ref,bicg,285,False,,,pipeline_phi_conflict,2.5
Grid_offline_ref,bicg,286,False,,,pipeline_phi_conflict,2.5
Grid_offline_ref,bicg,287,False,,,pipeline_phi_conflict,2.51
Grid_offline_ref,bicg,288,False,,,param_incompatibility,2.53
Grid_offline_ref,bicg,289,False,,,param_incompatibility,0.41
Grid_offline_ref,bicg,290,False,,,param_incompatibility,2.49
Grid_offline_ref,bicg,291,False,,,param_incompatibility,2.48
Grid_offline_ref,bicg,292,False,,,param_incompatibility,2.51
Grid_offline_ref,bicg,293,False,,,param_incompatibility,2.49
Grid_offline_ref,bicg,294,False,,,param_incompatibility,2.49
Grid_offline_ref,bicg,295,False,,,param_incompatibility,0.41
Grid_offline_ref,bicg,296,False,,,param_incompatibility,2.47
Grid_offline_ref,bicg,297,False,,,param_incompatibility,2.49
Grid_offline_ref,bicg,298,False,,,param_incompatibility,2.49
Grid_offline_ref,bicg,299,False,,,param_incompatibility,2.53
Grid_offline_ref,bicg,300,False,,,param_incompatibility,2.53
Grid_offline_ref,bicg,301,False,,,param_incompatibility,0.41
Grid_offline_ref,bicg,302,False,,,param_incompatibility,2.47
Grid_offline_ref,bicg,303,False,,,param_incompatibility,2.52
Grid_offline_ref,bicg,304,False,,,param_incompatibility,2.5
Grid_offline_ref,bicg,305,False,,,param_incompatibility,2.5
Grid_offline_ref,bicg,306,False,,,param_incompatibility,2.5
Grid_offline_ref,bicg,307,False,,,param_incompatibility,0.41
Grid_offline_ref,bicg,308,False,,,param_incompatibility,2.53
Grid_offline_ref,bicg,309,False,,,param_incompatibility,2.51
Grid_offline_ref,bicg,310,False,,,param_incompatibility,2.53
Grid_offline_ref,bicg,311,False,,,param_incompatibility,2.5
Grid_offline_ref,bicg,312,False,,,param_incompatibility,2.49
Grid_offline_ref,bicg,313,False,,,param_incompatibility,0.41
Grid_offline_ref,bicg,314,False,,,param_incompatibility,2.51
Grid_offline_ref,bicg,315,False,,,param_incompatibility,2.53
Grid_offline_ref,bicg,316,False,,,param_incompatibility,2.51
Grid_offline_ref,bicg,317,False,,,param_incompatibility,2.51
Grid_offline_ref,bicg,318,False,,,param_incompatibility,2.5
Grid_offline_ref,bicg,319,False,,,param_incompatibility,0.41
Grid_offline_ref,bicg,320,False,,,param_incompatibility,2.5
Grid_offline_ref,bicg,321,False,,,param_incompatibility,2.54
Grid_offline_ref,bicg,322,False,,,param_incompatibility,2.54
Grid_offline_ref,bicg,323,False,,,param_incompatibility,2.51
Grid_offline_ref,bicg,324,False,,,pipeline_phi_conflict,2.49
Grid_offline_ref,bicg,325,False,,,param_incompatibility,0.41
Grid_offline_ref,bicg,326,False,,,pipeline_phi_conflict,2.51
Grid_offline_ref,bicg,327,False,,,pipeline_phi_conflict,2.52
Grid_offline_ref,bicg,328,False,,,pipeline_phi_conflict,2.53
Grid_offline_ref,bicg,329,False,,,pipeline_phi_conflict,2.5
Grid_offline_ref,bicg,330,False,,,pipeline_phi_conflict,2.55
Grid_offline_ref,bicg,331,False,,,param_incompatibility,0.41
Grid_offline_ref,bicg,332,False,,,pipeline_phi_conflict,2.56
Grid_offline_ref,bicg,333,False,,,pipeline_phi_conflict,2.56
Grid_offline_ref,bicg,334,False,,,pipeline_phi_conflict,2.54
Grid_offline_ref,bicg,335,False,,,pipeline_phi_conflict,2.56
Grid_offline_ref,bicg,336,False,,,param_incompatibility,2.53
Grid_offline_ref,bicg,337,False,,,param_incompatibility,0.41
Grid_offline_ref,bicg,338,False,,,param_incompatibility,2.54
Grid_offline_ref,bicg,339,False,,,param_incompatibility,2.53
Grid_offline_ref,bicg,340,False,,,param_incompatibility,2.49
Grid_offline_ref,bicg,341,False,,,param_incompatibility,2.53
Grid_offline_ref,bicg,342,False,,,param_incompatibility,2.52
Grid_offline_ref,bicg,343,False,,,param_incompatibility,0.41
Grid_offline_ref,bicg,344,False,,,param_incompatibility,2.51
Grid_offline_ref,bicg,345,False,,,param_incompatibility,2.5
Grid_offline_ref,bicg,346,False,,,param_incompatibility,2.51
Grid_offline_ref,bicg,347,False,,,param_incompatibility,2.52
Grid_offline_ref,bicg,348,False,,,param_incompatibility,2.52
Grid_offline_ref,bicg,349,False,,,param_incompatibility,0.41
Grid_offline_ref,bicg,350,False,,,param_incompatibility,2.51
Grid_offline_ref,bicg,351,False,,,param_incompatibility,2.5
Grid_offline_ref,bicg,352,False,,,param_incompatibility,2.5
Grid_offline_ref,bicg,353,False,,,param_incompatibility,2.49
Grid_offline_ref,bicg,354,False,,,param_incompatibility,2.49
Grid_offline_ref,bicg,355,False,,,param_incompatibility,0.41
Grid_offline_ref,bicg,356,False,,,param_incompatibility,2.47
Grid_offline_ref,bicg,357,False,,,param_incompatibility,2.52
Grid_offline_ref,bicg,358,False,,,param_incompatibility,2.52
Grid_offline_ref,bicg,359,False,,,param_incompatibility,2.53
Grid_offline_ref,bicg,360,False,,,param_incompatibility,2.49
Grid_offline_ref,bicg,361,False,,,param_incompatibility,0.41
Grid_offline_ref,bicg,362,False,,,param_incompatibility,2.52
Grid_offline_ref,bicg,363,False,,,param_incompatibility,2.52
Grid_offline_ref,bicg,364,False,,,param_incompatibility,2.51
Grid_offline_ref,bicg,365,False,,,param_incompatibility,2.5
Grid_offline_ref,bicg,366,False,,,param_incompatibility,2.48
Grid_offline_ref,bicg,367,False,,,param_incompatibility,0.42
Grid_offline_ref,bicg,368,False,,,param_incompatibility,2.52
Grid_offline_ref,bicg,369,False,,,param_incompatibility,2.57
Grid_offline_ref,bicg,370,False,,,param_incompatibility,2.55
Grid_offline_ref,bicg,371,False,,,param_incompatibility,2.54
Grid_offline_ref,bicg,372,False,,,pipeline_phi_conflict,2.54
Grid_offline_ref,bicg,373,False,,,param_incompatibility,0.41
Grid_offline_ref,bicg,374,False,,,pipeline_phi_conflict,2.47
Grid_offline_ref,bicg,375,False,,,pipeline_phi_conflict,2.49
Grid_offline_ref,bicg,376,False,,,pipeline_phi_conflict,2.5
Grid_offline_ref,bicg,377,False,,,pipeline_phi_conflict,2.49
Grid_offline_ref,bicg,378,False,,,pipeline_phi_conflict,2.49
Grid_offline_ref,bicg,379,False,,,param_incompatibility,0.41
Grid_offline_ref,bicg,380,False,,,pipeline_phi_conflict,2.49
Grid_offline_ref,bicg,381,False,,,pipeline_phi_conflict,2.5
Grid_offline_ref,bicg,382,False,,,pipeline_phi_conflict,2.48
Grid_offline_ref,bicg,383,False,,,pipeline_phi_conflict,2.51
Grid_offline_ref,bicg,384,False,,,param_incompatibility,2.49
Grid_offline_ref,bicg,385,False,,,param_incompatibility,0.41
Grid_offline_ref,bicg,386,False,,,param_incompatibility,2.52
Grid_offline_ref,bicg,387,False,,,param_incompatibility,2.57
Grid_offline_ref,bicg,388,False,,,param_incompatibility,2.51
Grid_offline_ref,bicg,389,False,,,param_incompatibility,2.48
Grid_offline_ref,bicg,390,False,,,param_incompatibility,2.47
Grid_offline_ref,bicg,391,False,,,param_incompatibility,0.41
Grid_offline_ref,bicg,392,False,,,param_incompatibility,2.46
Grid_offline_ref,bicg,393,False,,,param_incompatibility,2.52
Grid_offline_ref,bicg,394,False,,,param_incompatibility,2.52
Grid_offline_ref,bicg,395,False,,,param_incompatibility,2.53
Grid_offline_ref,bicg,396,False,,,param_incompatibility,2.51
Grid_offline_ref,bicg,397,False,,,param_incompatibility,0.41
Grid_offline_ref,bicg,398,False,,,param_incompatibility,2.52
Grid_offline_ref,bicg,399,False,,,param_incompatibility,2.49
Grid_offline_ref,bicg,400,False,,,param_incompatibility,2.53
Grid_offline_ref,bicg,401,False,,,param_incompatibility,2.49
Grid_offline_ref,bicg,402,False,,,param_incompatibility,2.5
Grid_offline_ref,bicg,403,False,,,param_incompatibility,0.41
Grid_offline_ref,bicg,404,False,,,param_incompatibility,2.52
Grid_offline_ref,bicg,405,False,,,param_incompatibility,2.48
Grid_offline_ref,bicg,406,False,,,param_incompatibility,2.51
Grid_offline_ref,bicg,407,False,,,param_incompatibility,2.47
Grid_offline_ref,bicg,408,False,,,param_incompatibility,2.46
Grid_offline_ref,bicg,409,False,,,param_incompatibility,0.41
Grid_offline_ref,bicg,410,False,,,param_incompatibility,2.47
Grid_offline_ref,bicg,411,False,,,param_incompatibility,2.5
Grid_offline_ref,bicg,412,False,,,param_incompatibility,2.48
Grid_offline_ref,bicg,413,False,,,param_incompatibility,2.48
Grid_offline_ref,bicg,414,False,,,param_incompatibility,2.51
Grid_offline_ref,bicg,415,False,,,param_incompatibility,0.41
Grid_offline_ref,bicg,416,False,,,param_incompatibility,2.49
Grid_offline_ref,bicg,417,False,,,param_incompatibility,2.5
Grid_offline_ref,bicg,418,False,,,param_incompatibility,2.49
Grid_offline_ref,bicg,419,False,,,param_incompatibility,2.55
Grid_offline_ref,gemm,0,True,362.0,36.0,,2.54
Grid_offline_ref,gemm,1,False,,,param_incompatibility,0.41
Grid_offline_ref,gemm,2,True,362.0,36.0,,2.46
Grid_offline_ref,gemm,3,True,362.0,36.0,,2.47
Grid_offline_ref,gemm,4,False,,,param_incompatibility,2.5
Grid_offline_ref,gemm,5,True,362.0,35.0,,2.46
Grid_offline_ref,gemm,6,True,460.0,40.0,,2.48
Grid_offline_ref,gemm,7,False,,,param_incompatibility,0.41
Grid_offline_ref,gemm,8,True,460.0,40.0,,2.46
Grid_offline_ref,gemm,9,True,460.0,40.0,,2.46
Grid_offline_ref,gemm,10,False,,,param_incompatibility,2.45
Grid_offline_ref,gemm,11,True,665.0,38.0,,2.47
Grid_offline_ref,gemm,12,True,407.0,22.0,,2.47
Grid_offline_ref,gemm,13,False,,,param_incompatibility,0.41
Grid_offline_ref,gemm,14,True,407.0,22.0,,2.48
Grid_offline_ref,gemm,15,True,407.0,22.0,,2.48
Grid_offline_ref,gemm,16,False,,,param_incompatibility,2.44
Grid_offline_ref,gemm,17,True,407.0,21.0,,2.46
Grid_offline_ref,gemm,18,True,506.0,25.0,,2.49
Grid_offline_ref,gemm,19,False,,,param_incompatibility,0.41
Grid_offline_ref,gemm,20,True,506.0,25.0,,2.47
Grid_offline_ref,gemm,21,True,506.0,25.0,,2.46
Grid_offline_ref,gemm,22,False,,,param_incompatibility,2.47
Grid_offline_ref,gemm,23,True,711.0,23.0,,2.48
Grid_offline_ref,gemm,24,True,407.0,18.0,,2.48
Grid_offline_ref,gemm,25,False,,,param_incompatibility,0.43
Grid_offline_ref,gemm,26,True,407.0,18.0,,2.52
Grid_offline_ref,gemm,27,True,407.0,18.0,,2.48
Grid_offline_ref,gemm,28,False,,,param_incompatibility,2.44
Grid_offline_ref,gemm,29,True,407.0,17.0,,2.47
Grid_offline_ref,gemm,30,True,507.0,21.0,,2.5
Grid_offline_ref,gemm,31,False,,,param_incompatibility,0.41
Grid_offline_ref,gemm,32,True,507.0,21.0,,2.49
Grid_offline_ref,gemm,33,True,507.0,21.0,,2.51
Grid_offline_ref,gemm,34,False,,,param_incompatibility,2.44
Grid_offline_ref,gemm,35,True,746.0,19.0,,2.51
Grid_offline_ref,gemm,36,True,407.0,15.0,,2.48
Grid_offline_ref,gemm,37,False,,,param_incompatibility,0.46
Grid_offline_ref,gemm,38,True,407.0,15.0,,2.49
Grid_offline_ref,gemm,39,True,407.0,15.0,,2.47
Grid_offline_ref,gemm,40,False,,,param_incompatibility,2.47
Grid_offline_ref,gemm,41,True,407.0,14.0,,2.48
Grid_offline_ref,gemm,42,True,507.0,18.0,,2.5
Grid_offline_ref,gemm,43,False,,,param_incompatibility,0.41
Grid_offline_ref,gemm,44,True,507.0,18.0,,2.52
Grid_offline_ref,gemm,45,True,507.0,18.0,,2.51
Grid_offline_ref,gemm,46,False,,,param_incompatibility,2.44
Grid_offline_ref,gemm,47,True,746.0,16.0,,2.48
Grid_offline_ref,gemm,48,True,458.0,12.0,,2.48
Grid_offline_ref,gemm,49,False,,,param_incompatibility,0.41
Grid_offline_ref,gemm,50,True,458.0,12.0,,2.5
Grid_offline_ref,gemm,51,True,458.0,12.0,,2.49
Grid_offline_ref,gemm,52,False,,,param_incompatibility,2.45
Grid_offline_ref,gemm,53,True,424.0,11.0,,2.47
Grid_offline_ref,gemm,54,True,507.0,17.0,,2.47
Grid_offline_ref,gemm,55,False,,,param_incompatibility,0.41
Grid_offline_ref,gemm,56,True,507.0,17.0,,2.45
Grid_offline_ref,gemm,57,True,507.0,17.0,,2.48
Grid_offline_ref,gemm,58,False,,,param_incompatibility,2.42
Grid_offline_ref,gemm,59,True,746.0,15.0,,2.45
Grid_offline_ref,gemm,60,True,407.0,12.0,,2.47
Grid_offline_ref,gemm,61,False,,,param_incompatibility,0.41
Grid_offline_ref,gemm,62,True,407.0,12.0,,2.47
Grid_offline_ref,gemm,63,True,407.0,12.0,,2.47
Grid_offline_ref,gemm,64,False,,,param_incompatibility,2.42
Grid_offline_ref,gemm,65,True,407.0,11.0,,2.46
Grid_offline_ref,gemm,66,True,506.0,17.0,,2.45
Grid_offline_ref,gemm,67,False,,,param_incompatibility,0.41
Grid_offline_ref,gemm,68,True,506.0,17.0,,2.45
Grid_offline_ref,gemm,69,True,506.0,17.0,,2.45
Grid_offline_ref,gemm,70,False,,,param_incompatibility,2.42
Grid_offline_ref,gemm,71,True,745.0,15.0,,2.42
Grid_offline_ref,gemm,72,True,458.0,12.0,,2.46
Grid_offline_ref,gemm,73,False,,,param_incompatibility,0.41
Grid_offline_ref,gemm,74,True,458.0,12.0,,2.44
Grid_offline_ref,gemm,75,True,458.0,12.0,,2.45
Grid_offline_ref,gemm,76,False,,,param_incompatibility,2.44
Grid_offline_ref,gemm,77,True,424.0,11.0,,2.46
Grid_offline_ref,gemm,78,True,524.0,16.0,,2.43
Grid_offline_ref,gemm,79,False,,,param_incompatibility,0.41
Grid_offline_ref,gemm,80,True,524.0,16.0,,2.45
Grid_offline_ref,gemm,81,True,524.0,16.0,,2.46
Grid_offline_ref,gemm,82,False,,,param_incompatibility,2.46
Grid_offline_ref,gemm,83,True,797.0,14.0,,2.49
Grid_offline_ref,gemm,84,False,,,pipeline_phi_conflict,2.42
Grid_offline_ref,gemm,85,False,,,param_incompatibility,0.41
Grid_offline_ref,gemm,86,False,,,pipeline_phi_conflict,2.44
Grid_offline_ref,gemm,87,False,,,pipeline_phi_conflict,2.4
Grid_offline_ref,gemm,88,False,,,pipeline_phi_conflict,2.42
Grid_offline_ref,gemm,89,False,,,pipeline_phi_conflict,2.47
Grid_offline_ref,gemm,90,False,,,pipeline_phi_conflict,2.46
Grid_offline_ref,gemm,91,False,,,param_incompatibility,0.42
Grid_offline_ref,gemm,92,False,,,pipeline_phi_conflict,2.46
Grid_offline_ref,gemm,93,False,,,pipeline_phi_conflict,2.44
Grid_offline_ref,gemm,94,False,,,pipeline_phi_conflict,2.44
Grid_offline_ref,gemm,95,False,,,pipeline_phi_conflict,2.41
Grid_offline_ref,gemm,96,False,,,param_incompatibility,2.41
Grid_offline_ref,gemm,97,False,,,param_incompatibility,0.41
Grid_offline_ref,gemm,98,False,,,param_incompatibility,2.41
Grid_offline_ref,gemm,99,False,,,param_incompatibility,2.41
Grid_offline_ref,gemm,100,False,,,param_incompatibility,2.4
Grid_offline_ref,gemm,101,False,,,param_incompatibility,2.41
Grid_offline_ref,gemm,102,False,,,param_incompatibility,2.42
Grid_offline_ref,gemm,103,False,,,param_incompatibility,0.41
Grid_offline_ref,gemm,104,False,,,param_incompatibility,2.41
Grid_offline_ref,gemm,105,False,,,param_incompatibility,2.43
Grid_offline_ref,gemm,106,False,,,param_incompatibility,2.39
Grid_offline_ref,gemm,107,False,,,param_incompatibility,2.44
Grid_offline_ref,gemm,108,False,,,param_incompatibility,2.41
Grid_offline_ref,gemm,109,False,,,param_incompatibility,0.4
Grid_offline_ref,gemm,110,False,,,param_incompatibility,2.42
Grid_offline_ref,gemm,111,False,,,param_incompatibility,2.43
Grid_offline_ref,gemm,112,False,,,param_incompatibility,2.46
Grid_offline_ref,gemm,113,False,,,param_incompatibility,2.42
Grid_offline_ref,gemm,114,False,,,param_incompatibility,2.42
Grid_offline_ref,gemm,115,False,,,param_incompatibility,0.41
Grid_offline_ref,gemm,116,False,,,param_incompatibility,2.45
Grid_offline_ref,gemm,117,False,,,param_incompatibility,2.45
Grid_offline_ref,gemm,118,False,,,param_incompatibility,2.43
Grid_offline_ref,gemm,119,False,,,param_incompatibility,2.41
Grid_offline_ref,gemm,120,False,,,param_incompatibility,2.46
Grid_offline_ref,gemm,121,False,,,param_incompatibility,0.41
Grid_offline_ref,gemm,122,False,,,param_incompatibility,2.46
Grid_offline_ref,gemm,123,False,,,param_incompatibility,2.46
Grid_offline_ref,gemm,124,False,,,param_incompatibility,2.44
Grid_offline_ref,gemm,125,False,,,param_incompatibility,2.4
Grid_offline_ref,gemm,126,False,,,param_incompatibility,2.41
Grid_offline_ref,gemm,127,False,,,param_incompatibility,0.41
Grid_offline_ref,gemm,128,False,,,param_incompatibility,2.42
Grid_offline_ref,gemm,129,False,,,param_incompatibility,2.44
Grid_offline_ref,gemm,130,False,,,param_incompatibility,2.44
Grid_offline_ref,gemm,131,False,,,param_incompatibility,2.45
Grid_offline_ref,gemm,132,False,,,pipeline_phi_conflict,2.44
Grid_offline_ref,gemm,133,False,,,param_incompatibility,0.4
Grid_offline_ref,gemm,134,False,,,pipeline_phi_conflict,2.41
Grid_offline_ref,gemm,135,False,,,pipeline_phi_conflict,2.4
Grid_offline_ref,gemm,136,False,,,pipeline_phi_conflict,2.44
Grid_offline_ref,gemm,137,False,,,pipeline_phi_conflict,2.42
Grid_offline_ref,gemm,138,False,,,pipeline_phi_conflict,2.42
Grid_offline_ref,gemm,139,False,,,param_incompatibility,0.41
Grid_offline_ref,gemm,140,False,,,pipeline_phi_conflict,2.42
Grid_offline_ref,gemm,141,False,,,pipeline_phi_conflict,2.43
Grid_offline_ref,gemm,142,False,,,pipeline_phi_conflict,2.43
Grid_offline_ref,gemm,143,False,,,pipeline_phi_conflict,2.45
Grid_offline_ref,gemm,144,False,,,param_incompatibility,2.46
Grid_offline_ref,gemm,145,False,,,param_incompatibility,0.41
Grid_offline_ref,gemm,146,False,,,param_incompatibility,2.45
Grid_offline_ref,gemm,147,False,,,param_incompatibility,2.43
Grid_offline_ref,gemm,148,False,,,param_incompatibility,2.43
Grid_offline_ref,gemm,149,False,,,param_incompatibility,2.44
Grid_offline_ref,gemm,150,False,,,param_incompatibility,2.43
Grid_offline_ref,gemm,151,False,,,param_incompatibility,0.41
Grid_offline_ref,gemm,152,False,,,param_incompatibility,2.4
Grid_offline_ref,gemm,153,False,,,param_incompatibility,2.42
Grid_offline_ref,gemm,154,False,,,param_incompatibility,2.42
Grid_offline_ref,gemm,155,False,,,param_incompatibility,2.42
Grid_offline_ref,gemm,156,False,,,param_incompatibility,2.43
Grid_offline_ref,gemm,157,False,,,param_incompatibility,0.4
Grid_offline_ref,gemm,158,False,,,param_incompatibility,2.43
Grid_offline_ref,gemm,159,False,,,param_incompatibility,2.44
Grid_offline_ref,gemm,160,False,,,param_incompatibility,2.42
Grid_offline_ref,gemm,161,False,,,param_incompatibility,2.44
Grid_offline_ref,gemm,162,False,,,param_incompatibility,2.4
Grid_offline_ref,gemm,163,False,,,param_incompatibility,0.41
Grid_offline_ref,gemm,164,False,,,param_incompatibility,2.42
Grid_offline_ref,gemm,165,False,,,param_incompatibility,2.42
Grid_offline_ref,gemm,166,False,,,param_incompatibility,2.42
Grid_offline_ref,gemm,167,False,,,param_incompatibility,2.43
Grid_offline_ref,gemm,168,False,,,param_incompatibility,2.45
Grid_offline_ref,gemm,169,False,,,param_incompatibility,0.41
Grid_offline_ref,gemm,170,False,,,param_incompatibility,2.45
Grid_offline_ref,gemm,171,False,,,param_incompatibility,2.4
Grid_offline_ref,gemm,172,False,,,param_incompatibility,2.42
Grid_offline_ref,gemm,173,False,,,param_incompatibility,2.45
Grid_offline_ref,gemm,174,False,,,param_incompatibility,2.45
Grid_offline_ref,gemm,175,False,,,param_incompatibility,0.4
Grid_offline_ref,gemm,176,False,,,param_incompatibility,2.44
Grid_offline_ref,gemm,177,False,,,param_incompatibility,2.44
Grid_offline_ref,gemm,178,False,,,param_incompatibility,2.43
Grid_offline_ref,gemm,179,False,,,param_incompatibility,2.44
Grid_offline_ref,gemm,180,False,,,pipeline_phi_conflict,2.44
Grid_offline_ref,gemm,181,False,,,param_incompatibility,0.41
Grid_offline_ref,gemm,182,False,,,pipeline_phi_conflict,2.44
Grid_offline_ref,gemm,183,False,,,pipeline_phi_conflict,2.45
Grid_offline_ref,gemm,184,False,,,pipeline_phi_conflict,2.42
Grid_offline_ref,gemm,185,False,,,pipeline_phi_conflict,2.43
Grid_offline_ref,gemm,186,False,,,pipeline_phi_conflict,2.43
Grid_offline_ref,gemm,187,False,,,param_incompatibility,0.41
Grid_offline_ref,gemm,188,False,,,pipeline_phi_conflict,2.46
Grid_offline_ref,gemm,189,False,,,pipeline_phi_conflict,2.47
Grid_offline_ref,gemm,190,False,,,pipeline_phi_conflict,2.44
Grid_offline_ref,gemm,191,False,,,pipeline_phi_conflict,2.47
Grid_offline_ref,gemm,192,False,,,param_incompatibility,2.42
Grid_offline_ref,gemm,193,False,,,param_incompatibility,0.41
Grid_offline_ref,gemm,194,False,,,param_incompatibility,2.42
Grid_offline_ref,gemm,195,False,,,param_incompatibility,2.46
Grid_offline_ref,gemm,196,False,,,param_incompatibility,2.43
Grid_offline_ref,gemm,197,False,,,param_incompatibility,2.43
Grid_offline_ref,gemm,198,False,,,param_incompatibility,2.42
Grid_offline_ref,gemm,199,False,,,param_incompatibility,0.41
Grid_offline_ref,gemm,200,False,,,param_incompatibility,2.44
Grid_offline_ref,gemm,201,False,,,param_incompatibility,2.44
Grid_offline_ref,gemm,202,False,,,param_incompatibility,2.42
Grid_offline_ref,gemm,203,False,,,param_incompatibility,2.41
Grid_offline_ref,gemm,204,False,,,param_incompatibility,2.43
Grid_offline_ref,gemm,205,False,,,param_incompatibility,0.4
Grid_offline_ref,gemm,206,False,,,param_incompatibility,2.43
Grid_offline_ref,gemm,207,False,,,param_incompatibility,2.43
Grid_offline_ref,gemm,208,False,,,param_incompatibility,2.41
Grid_offline_ref,gemm,209,False,,,param_incompatibility,2.42
Grid_offline_ref,gemm,210,False,,,param_incompatibility,2.4
Grid_offline_ref,gemm,211,False,,,param_incompatibility,0.41
Grid_offline_ref,gemm,212,False,,,param_incompatibility,2.41
Grid_offline_ref,gemm,213,False,,,param_incompatibility,2.43
Grid_offline_ref,gemm,214,False,,,param_incompatibility,2.43
Grid_offline_ref,gemm,215,False,,,param_incompatibility,2.42
Grid_offline_ref,gemm,216,False,,,param_incompatibility,2.4
Grid_offline_ref,gemm,217,False,,,param_incompatibility,0.4
Grid_offline_ref,gemm,218,False,,,param_incompatibility,2.42
Grid_offline_ref,gemm,219,False,,,param_incompatibility,2.41
Grid_offline_ref,gemm,220,False,,,param_incompatibility,2.43
Grid_offline_ref,gemm,221,False,,,param_incompatibility,2.4
Grid_offline_ref,gemm,222,False,,,param_incompatibility,2.41
Grid_offline_ref,gemm,223,False,,,param_incompatibility,0.4
Grid_offline_ref,gemm,224,False,,,param_incompatibility,2.41
Grid_offline_ref,gemm,225,False,,,param_incompatibility,2.41
Grid_offline_ref,gemm,226,False,,,param_incompatibility,2.43
Grid_offline_ref,gemm,227,False,,,param_incompatibility,2.4
Grid_offline_ref,gemm,228,False,,,pipeline_phi_conflict,2.4
Grid_offline_ref,gemm,229,False,,,param_incompatibility,0.4
Grid_offline_ref,gemm,230,False,,,pipeline_phi_conflict,2.43
Grid_offline_ref,gemm,231,False,,,pipeline_phi_conflict,2.45
Grid_offline_ref,gemm,232,False,,,pipeline_phi_conflict,2.43
Grid_offline_ref,gemm,233,False,,,pipeline_phi_conflict,2.47
Grid_offline_ref,gemm,234,False,,,pipeline_phi_conflict,2.46
Grid_offline_ref,gemm,235,False,,,param_incompatibility,0.41
Grid_offline_ref,gemm,236,False,,,pipeline_phi_conflict,2.47
Grid_offline_ref,gemm,237,False,,,pipeline_phi_conflict,2.44
Grid_offline_ref,gemm,238,False,,,pipeline_phi_conflict,2.43
Grid_offline_ref,gemm,239,False,,,pipeline_phi_conflict,2.43
Grid_offline_ref,gemm,240,False,,,param_incompatibility,2.44
Grid_offline_ref,gemm,241,False,,,param_incompatibility,0.41
Grid_offline_ref,gemm,242,False,,,param_incompatibility,2.42
Grid_offline_ref,gemm,243,False,,,param_incompatibility,2.46
Grid_offline_ref,gemm,244,False,,,param_incompatibility,2.45
Grid_offline_ref,gemm,245,False,,,param_incompatibility,2.44
Grid_offline_ref,gemm,246,False,,,param_incompatibility,2.45
Grid_offline_ref,gemm,247,False,,,param_incompatibility,0.41
Grid_offline_ref,gemm,248,False,,,param_incompatibility,2.45
Grid_offline_ref,gemm,249,False,,,param_incompatibility,2.42
Grid_offline_ref,gemm,250,False,,,param_incompatibility,2.45
Grid_offline_ref,gemm,251,False,,,param_incompatibility,2.44
Grid_offline_ref,gemm,252,False,,,param_incompatibility,2.47
Grid_offline_ref,gemm,253,False,,,param_incompatibility,0.41
Grid_offline_ref,gemm,254,False,,,param_incompatibility,2.43
Grid_offline_ref,gemm,255,False,,,param_incompatibility,2.43
Grid_offline_ref,gemm,256,False,,,param_incompatibility,2.43
Grid_offline_ref,gemm,257,False,,,param_incompatibility,2.43
Grid_offline_ref,gemm,258,False,,,param_incompatibility,2.48
Grid_offline_ref,gemm,259,False,,,param_incompatibility,0.41
Grid_offline_ref,gemm,260,False,,,param_incompatibility,2.38
Grid_offline_ref,gemm,261,False,,,param_incompatibility,2.4
Grid_offline_ref,gemm,262,False,,,param_incompatibility,2.42
Grid_offline_ref,gemm,263,False,,,param_incompatibility,2.43
Grid_offline_ref,gemm,264,False,,,param_incompatibility,2.42
Grid_offline_ref,gemm,265,False,,,param_incompatibility,0.4
Grid_offline_ref,gemm,266,False,,,param_incompatibility,2.39
Grid_offline_ref,gemm,267,False,,,param_incompatibility,2.41
Grid_offline_ref,gemm,268,False,,,param_incompatibility,2.43
Grid_offline_ref,gemm,269,False,,,param_incompatibility,2.44
Grid_offline_ref,gemm,270,False,,,param_incompatibility,2.43
Grid_offline_ref,gemm,271,False,,,param_incompatibility,0.41
Grid_offline_ref,gemm,272,False,,,param_incompatibility,2.4
Grid_offline_ref,gemm,273,False,,,param_incompatibility,2.39
Grid_offline_ref,gemm,274,False,,,param_incompatibility,2.38
Grid_offline_ref,gemm,275,False,,,param_incompatibility,2.44
Grid_offline_ref,gemm,276,False,,,pipeline_phi_conflict,2.43
Grid_offline_ref,gemm,277,False,,,param_incompatibility,0.4
Grid_offline_ref,gemm,278,False,,,pipeline_phi_conflict,2.43
Grid_offline_ref,gemm,279,False,,,pipeline_phi_conflict,2.44
Grid_offline_ref,gemm,280,False,,,pipeline_phi_conflict,2.45
Grid_offline_ref,gemm,281,False,,,pipeline_phi_conflict,2.43
Grid_offline_ref,gemm,282,False,,,pipeline_phi_conflict,2.44
Grid_offline_ref,gemm,283,False,,,param_incompatibility,0.41
Grid_offline_ref,gemm,284,False,,,pipeline_phi_conflict,2.46
Grid_offline_ref,gemm,285,False,,,pipeline_phi_conflict,2.45
Grid_offline_ref,gemm,286,False,,,pipeline_phi_conflict,2.41
Grid_offline_ref,gemm,287,False,,,pipeline_phi_conflict,2.39
Grid_offline_ref,gemm,288,False,,,param_incompatibility,2.43
Grid_offline_ref,gemm,289,False,,,param_incompatibility,0.41
Grid_offline_ref,gemm,290,False,,,param_incompatibility,2.42
Grid_offline_ref,gemm,291,False,,,param_incompatibility,2.46
Grid_offline_ref,gemm,292,False,,,param_incompatibility,2.43
Grid_offline_ref,gemm,293,False,,,param_incompatibility,2.43
Grid_offline_ref,gemm,294,False,,,param_incompatibility,2.41
Grid_offline_ref,gemm,295,False,,,param_incompatibility,0.4
Grid_offline_ref,gemm,296,False,,,param_incompatibility,2.41
Grid_offline_ref,gemm,297,False,,,param_incompatibility,2.42
Grid_offline_ref,gemm,298,False,,,param_incompatibility,2.41
Grid_offline_ref,gemm,299,False,,,param_incompatibility,2.41
Grid_offline_ref,gemm,300,False,,,param_incompatibility,2.42
Grid_offline_ref,gemm,301,False,,,param_incompatibility,0.4
Grid_offline_ref,gemm,302,False,,,param_incompatibility,2.42
Grid_offline_ref,gemm,303,False,,,param_incompatibility,2.44
Grid_offline_ref,gemm,304,False,,,param_incompatibility,2.42
Grid_offline_ref,gemm,305,False,,,param_incompatibility,2.41
Grid_offline_ref,gemm,306,False,,,param_incompatibility,2.42
Grid_offline_ref,gemm,307,False,,,param_incompatibility,0.41
Grid_offline_ref,gemm,308,False,,,param_incompatibility,2.49
Grid_offline_ref,gemm,309,False,,,param_incompatibility,2.6
Grid_offline_ref,gemm,310,False,,,param_incompatibility,2.59
Grid_offline_ref,gemm,311,False,,,param_incompatibility,2.45
Grid_offline_ref,gemm,312,False,,,param_incompatibility,2.45
Grid_offline_ref,gemm,313,False,,,param_incompatibility,0.41
Grid_offline_ref,gemm,314,False,,,param_incompatibility,2.45
Grid_offline_ref,gemm,315,False,,,param_incompatibility,2.46
Grid_offline_ref,gemm,316,False,,,param_incompatibility,2.43
Grid_offline_ref,gemm,317,False,,,param_incompatibility,2.43
Grid_offline_ref,gemm,318,False,,,param_incompatibility,2.41
Grid_offline_ref,gemm,319,False,,,param_incompatibility,0.41
Grid_offline_ref,gemm,320,False,,,param_incompatibility,2.43
Grid_offline_ref,gemm,321,False,,,param_incompatibility,2.43
Grid_offline_ref,gemm,322,False,,,param_incompatibility,2.46
Grid_offline_ref,gemm,323,False,,,param_incompatibility,2.43
Grid_offline_ref,gemm,324,False,,,pipeline_phi_conflict,2.44
Grid_offline_ref,gemm,325,False,,,param_incompatibility,0.41
Grid_offline_ref,gemm,326,False,,,pipeline_phi_conflict,2.41
Grid_offline_ref,gemm,327,False,,,pipeline_phi_conflict,2.42
Grid_offline_ref,gemm,328,False,,,pipeline_phi_conflict,2.44
Grid_offline_ref,gemm,329,False,,,pipeline_phi_conflict,2.44
Grid_offline_ref,gemm,330,False,,,pipeline_phi_conflict,2.43
Grid_offline_ref,gemm,331,False,,,param_incompatibility,0.41
Grid_offline_ref,gemm,332,False,,,pipeline_phi_conflict,2.43
Grid_offline_ref,gemm,333,False,,,pipeline_phi_conflict,2.43
Grid_offline_ref,gemm,334,False,,,pipeline_phi_conflict,2.41
Grid_offline_ref,gemm,335,False,,,pipeline_phi_conflict,2.42
Grid_offline_ref,gemm,336,False,,,param_incompatibility,2.43
Grid_offline_ref,gemm,337,False,,,param_incompatibility,0.41
Grid_offline_ref,gemm,338,False,,,param_incompatibility,2.42
Grid_offline_ref,gemm,339,False,,,param_incompatibility,2.41
Grid_offline_ref,gemm,340,False,,,param_incompatibility,2.44
Grid_offline_ref,gemm,341,False,,,param_incompatibility,2.46
Grid_offline_ref,gemm,342,False,,,param_incompatibility,2.42
Grid_offline_ref,gemm,343,False,,,param_incompatibility,0.4
Grid_offline_ref,gemm,344,False,,,param_incompatibility,2.44
Grid_offline_ref,gemm,345,False,,,param_incompatibility,2.44
Grid_offline_ref,gemm,346,False,,,param_incompatibility,2.44
Grid_offline_ref,gemm,347,False,,,param_incompatibility,2.45
Grid_offline_ref,gemm,348,False,,,param_incompatibility,2.44
Grid_offline_ref,gemm,349,False,,,param_incompatibility,0.41
Grid_offline_ref,gemm,350,False,,,param_incompatibility,2.46
Grid_offline_ref,gemm,351,False,,,param_incompatibility,2.45
Grid_offline_ref,gemm,352,False,,,param_incompatibility,2.41
Grid_offline_ref,gemm,353,False,,,param_incompatibility,2.4
Grid_offline_ref,gemm,354,False,,,param_incompatibility,2.42
Grid_offline_ref,gemm,355,False,,,param_incompatibility,0.41
Grid_offline_ref,gemm,356,False,,,param_incompatibility,2.43
Grid_offline_ref,gemm,357,False,,,param_incompatibility,2.43
Grid_offline_ref,gemm,358,False,,,param_incompatibility,2.43
Grid_offline_ref,gemm,359,False,,,param_incompatibility,2.45
Grid_offline_ref,gemm,360,False,,,param_incompatibility,2.43
Grid_offline_ref,gemm,361,False,,,param_incompatibility,0.41
Grid_offline_ref,gemm,362,False,,,param_incompatibility,2.41
Grid_offline_ref,gemm,363,False,,,param_incompatibility,2.43
Grid_offline_ref,gemm,364,False,,,param_incompatibility,2.39
Grid_offline_ref,gemm,365,False,,,param_incompatibility,2.43
Grid_offline_ref,gemm,366,False,,,param_incompatibility,2.42
Grid_offline_ref,gemm,367,False,,,param_incompatibility,0.42
Grid_offline_ref,gemm,368,False,,,param_incompatibility,2.43
Grid_offline_ref,gemm,369,False,,,param_incompatibility,2.4
Grid_offline_ref,gemm,370,False,,,param_incompatibility,2.41
Grid_offline_ref,gemm,371,False,,,param_incompatibility,2.4
Grid_offline_ref,gemm,372,False,,,pipeline_phi_conflict,2.45
Grid_offline_ref,gemm,373,False,,,param_incompatibility,0.41
Grid_offline_ref,gemm,374,False,,,pipeline_phi_conflict,2.41
Grid_offline_ref,gemm,375,False,,,pipeline_phi_conflict,2.42
Grid_offline_ref,gemm,376,False,,,pipeline_phi_conflict,2.45
Grid_offline_ref,gemm,377,False,,,pipeline_phi_conflict,2.44
Grid_offline_ref,gemm,378,False,,,pipeline_phi_conflict,2.42
Grid_offline_ref,gemm,379,False,,,param_incompatibility,0.4
Grid_offline_ref,gemm,380,False,,,pipeline_phi_conflict,2.44
Grid_offline_ref,gemm,381,False,,,pipeline_phi_conflict,2.41
Grid_offline_ref,gemm,382,False,,,pipeline_phi_conflict,2.41
Grid_offline_ref,gemm,383,False,,,pipeline_phi_conflict,2.39
Grid_offline_ref,gemm,384,False,,,param_incompatibility,2.38
Grid_offline_ref,gemm,385,False,,,param_incompatibility,0.4
Grid_offline_ref,gemm,386,False,,,param_incompatibility,2.4
Grid_offline_ref,gemm,387,False,,,param_incompatibility,2.41
Grid_offline_ref,gemm,388,False,,,param_incompatibility,2.42
Grid_offline_ref,gemm,389,False,,,param_incompatibility,2.44
Grid_offline_ref,gemm,390,False,,,param_incompatibility,2.43
Grid_offline_ref,gemm,391,False,,,param_incompatibility,0.41
Grid_offline_ref,gemm,392,False,,,param_incompatibility,2.39
Grid_offline_ref,gemm,393,False,,,param_incompatibility,2.43
Grid_offline_ref,gemm,394,False,,,param_incompatibility,2.44
Grid_offline_ref,gemm,395,False,,,param_incompatibility,2.43
Grid_offline_ref,gemm,396,False,,,param_incompatibility,2.42
Grid_offline_ref,gemm,397,False,,,param_incompatibility,0.41
Grid_offline_ref,gemm,398,False,,,param_incompatibility,2.44
Grid_offline_ref,gemm,399,False,,,param_incompatibility,2.42
Grid_offline_ref,gemm,400,False,,,param_incompatibility,2.46
Grid_offline_ref,gemm,401,False,,,param_incompatibility,2.41
Grid_offline_ref,gemm,402,False,,,param_incompatibility,2.41
Grid_offline_ref,gemm,403,False,,,param_incompatibility,0.4
Grid_offline_ref,gemm,404,False,,,param_incompatibility,2.39
Grid_offline_ref,gemm,405,False,,,param_incompatibility,2.45
Grid_offline_ref,gemm,406,False,,,param_incompatibility,2.44
Grid_offline_ref,gemm,407,False,,,param_incompatibility,2.43
Grid_offline_ref,gemm,408,False,,,param_incompatibility,2.45
Grid_offline_ref,gemm,409,False,,,param_incompatibility,0.41
Grid_offline_ref,gemm,410,False,,,param_incompatibility,2.42
Grid_offline_ref,gemm,411,False,,,param_incompatibility,2.43
Grid_offline_ref,gemm,412,False,,,param_incompatibility,2.4
Grid_offline_ref,gemm,413,False,,,param_incompatibility,2.42
Grid_offline_ref,gemm,414,False,,,param_incompatibility,2.45
Grid_offline_ref,gemm,415,False,,,param_incompatibility,0.41
Grid_offline_ref,gemm,416,False,,,param_incompatibility,2.42
Grid_offline_ref,gemm,417,False,,,param_incompatibility,2.38
Grid_offline_ref,gemm,418,False,,,param_incompatibility,2.42
Grid_offline_ref,gemm,419,False,,,param_incompatibility,2.41
Grid_offline_ref,gesummv,0,True,799.0,42.0,,2.51
Grid_offline_ref,gesummv,1,False,,,param_incompatibility,0.4
Grid_offline_ref,gesummv,2,True,799.0,42.0,,2.52
Grid_offline_ref,gesummv,3,True,799.0,42.0,,2.51
Grid_offline_ref,gesummv,4,False,,,param_incompatibility,2.48
Grid_offline_ref,gesummv,5,True,838.0,40.0,,2.51
Grid_offline_ref,gesummv,6,True,897.0,59.0,,2.5
Grid_offline_ref,gesummv,7,False,,,param_incompatibility,0.41
Grid_offline_ref,gesummv,8,True,897.0,59.0,,2.52
Grid_offline_ref,gesummv,9,True,897.0,59.0,,2.5
Grid_offline_ref,gesummv,10,False,,,param_incompatibility,2.5
Grid_offline_ref,gesummv,11,True,1173.0,55.0,,2.5
Grid_offline_ref,gesummv,12,True,844.0,30.0,,2.53
Grid_offline_ref,gesummv,13,False,,,param_incompatibility,0.4
Grid_offline_ref,gesummv,14,True,844.0,30.0,,2.51
Grid_offline_ref,gesummv,15,True,844.0,30.0,,2.53
Grid_offline_ref,gesummv,16,False,,,param_incompatibility,2.47
Grid_offline_ref,gesummv,17,True,898.0,28.0,,2.52
Grid_offline_ref,gesummv,18,True,947.0,39.0,,2.52
Grid_offline_ref,gesummv,19,False,,,param_incompatibility,0.41
Grid_offline_ref,gesummv,20,True,947.0,39.0,,2.51
Grid_offline_ref,gesummv,21,True,947.0,39.0,,2.54
Grid_offline_ref,gesummv,22,False,,,param_incompatibility,2.48
Grid_offline_ref,gesummv,23,True,1300.0,35.0,,2.49
Grid_offline_ref,gesummv,24,True,844.0,21.0,,2.5
Grid_offline_ref,gesummv,25,False,,,param_incompatibility,0.41
Grid_offline_ref,gesummv,26,True,844.0,21.0,,2.54
Grid_offline_ref,gesummv,27,True,844.0,21.0,,2.5
Grid_offline_ref,gesummv,28,False,,,param_incompatibility,2.49
Grid_offline_ref,gesummv,29,True,898.0,19.0,,2.53
Grid_offline_ref,gesummv,30,True,947.0,35.0,,2.55
Grid_offline_ref,gesummv,31,False,,,param_incompatibility,0.41
Grid_offline_ref,gesummv,32,True,947.0,35.0,,2.54
Grid_offline_ref,gesummv,33,True,947.0,35.0,,2.54
Grid_offline_ref,gesummv,34,False,,,param_incompatibility,2.49
Grid_offline_ref,gesummv,35,True,1300.0,31.0,,2.5
Grid_offline_ref,gesummv,36,True,861.0,18.0,,2.52
Grid_offline_ref,gesummv,37,False,,,param_incompatibility,0.41
Grid_offline_ref,gesummv,38,True,861.0,18.0,,2.52
Grid_offline_ref,gesummv,39,True,861.0,18.0,,2.51
Grid_offline_ref,gesummv,40,False,,,param_incompatibility,2.5
Grid_offline_ref,gesummv,41,True,898.0,16.0,,2.52
Grid_offline_ref,gesummv,42,True,998.0,29.0,,2.49
Grid_offline_ref,gesummv,43,False,,,param_incompatibility,0.41
Grid_offline_ref,gesummv,44,True,998.0,29.0,,2.52
Grid_offline_ref,gesummv,45,True,998.0,29.0,,2.52
Grid_offline_ref,gesummv,46,False,,,param_incompatibility,2.46
Grid_offline_ref,gesummv,47,True,1301.0,25.0,,2.54
Grid_offline_ref,gesummv,48,True,895.0,17.0,,2.5
Grid_offline_ref,gesummv,49,False,,,param_incompatibility,0.41
Grid_offline_ref,gesummv,50,True,895.0,17.0,,2.53
Grid_offline_ref,gesummv,51,True,895.0,17.0,,2.5
Grid_offline_ref,gesummv,52,False,,,param_incompatibility,2.48
Grid_offline_ref,gesummv,53,True,934.0,15.0,,2.51
Grid_offline_ref,gesummv,54,True,1032.0,28.0,,2.52
Grid_offline_ref,gesummv,55,False,,,param_incompatibility,0.41
Grid_offline_ref,gesummv,56,True,1032.0,28.0,,2.53
Grid_offline_ref,gesummv,57,True,1032.0,28.0,,2.55
Grid_offline_ref,gesummv,58,False,,,param_incompatibility,2.53
Grid_offline_ref,gesummv,59,True,1337.0,24.0,,2.52
Grid_offline_ref,gesummv,60,True,880.0,17.0,,2.53
Grid_offline_ref,gesummv,61,False,,,param_incompatibility,0.41
Grid_offline_ref,gesummv,62,True,880.0,17.0,,2.54
Grid_offline_ref,gesummv,63,True,880.0,17.0,,2.53
Grid_offline_ref,gesummv,64,False,,,param_incompatibility,2.53
Grid_offline_ref,gesummv,65,True,918.0,15.0,,2.55
Grid_offline_ref,gesummv,66,True,1016.0,28.0,,2.53
Grid_offline_ref,gesummv,67,False,,,param_incompatibility,0.4
Grid_offline_ref,gesummv,68,True,1016.0,28.0,,2.54
Grid_offline_ref,gesummv,69,True,1016.0,28.0,,2.52
Grid_offline_ref,gesummv,70,False,,,param_incompatibility,2.46
Grid_offline_ref,gesummv,71,True,1321.0,24.0,,2.52
Grid_offline_ref,gesummv,72,True,880.0,17.0,,2.49
Grid_offline_ref,gesummv,73,False,,,param_incompatibility,0.41
Grid_offline_ref,gesummv,74,True,880.0,17.0,,2.54
Grid_offline_ref,gesummv,75,True,880.0,17.0,,2.53
Grid_offline_ref,gesummv,76,False,,,param_incompatibility,2.48
Grid_offline_ref,gesummv,77,True,918.0,15.0,,2.51
Grid_offline_ref,gesummv,78,True,1016.0,28.0,,2.5
Grid_offline_ref,gesummv,79,False,,,param_incompatibility,0.41
Grid_offline_ref,gesummv,80,True,1016.0,28.0,,2.53
Grid_offline_ref,gesummv,81,True,1016.0,28.0,,2.52
Grid_offline_ref,gesummv,82,False,,,param_incompatibility,2.47
Grid_offline_ref,gesummv,83,True,1321.0,24.0,,2.55
Grid_offline_ref,gesummv,84,False,,,pipeline_phi_conflict,2.49
Grid_offline_ref,gesummv,85,False,,,param_incompatibility,0.41
Grid_offline_ref,gesummv,86,False,,,pipeline_phi_conflict,2.48
Grid_offline_ref,gesummv,87,False,,,pipeline_phi_conflict,2.5
Grid_offline_ref,gesummv,88,False,,,pipeline_phi_conflict,2.49
Grid_offline_ref,gesummv,89,False,,,pipeline_phi_conflict,2.48
Grid_offline_ref,gesummv,90,False,,,pipeline_phi_conflict,2.48
Grid_offline_ref,gesummv,91,False,,,param_incompatibility,0.41
Grid_offline_ref,gesummv,92,False,,,pipeline_phi_conflict,2.49
Grid_offline_ref,gesummv,93,False,,,pipeline_phi_conflict,2.5
Grid_offline_ref,gesummv,94,False,,,pipeline_phi_conflict,2.5
Grid_offline_ref,gesummv,95,False,,,pipeline_phi_conflict,2.49
Grid_offline_ref,gesummv,96,False,,,param_incompatibility,2.53
Grid_offline_ref,gesummv,97,False,,,param_incompatibility,0.41
Grid_offline_ref,gesummv,98,False,,,param_incompatibility,2.49
Grid_offline_ref,gesummv,99,False,,,param_incompatibility,2.49
Grid_offline_ref,gesummv,100,False,,,param_incompatibility,2.49
Grid_offline_ref,gesummv,101,False,,,param_incompatibility,2.47
Grid_offline_ref,gesummv,102,False,,,param_incompatibility,2.46
Grid_offline_ref,gesummv,103,False,,,param_incompatibility,0.41
Grid_offline_ref,gesummv,104,False,,,param_incompatibility,2.47
Grid_offline_ref,gesummv,105,False,,,param_incompatibility,2.48
Grid_offline_ref,gesummv,106,False,,,param_incompatibility,2.48
Grid_offline_ref,gesummv,107,False,,,param_incompatibility,2.49
Grid_offline_ref,gesummv,108,False,,,param_incompatibility,2.48
Grid_offline_ref,gesummv,109,False,,,param_incompatibility,0.41
Grid_offline_ref,gesummv,110,False,,,param_incompatibility,2.46
Grid_offline_ref,gesummv,111,False,,,param_incompatibility,2.51
Grid_offline_ref,gesummv,112,False,,,param_incompatibility,2.48
Grid_offline_ref,gesummv,113,False,,,param_incompatibility,2.51
Grid_offline_ref,gesummv,114,False,,,param_incompatibility,2.5
Grid_offline_ref,gesummv,115,False,,,param_incompatibility,0.41
Grid_offline_ref,gesummv,116,False,,,param_incompatibility,2.44
Grid_offline_ref,gesummv,117,False,,,param_incompatibility,2.47
Grid_offline_ref,gesummv,118,False,,,param_incompatibility,2.47
Grid_offline_ref,gesummv,119,False,,,param_incompatibility,2.5
Grid_offline_ref,gesummv,120,False,,,param_incompatibility,2.48
Grid_offline_ref,gesummv,121,False,,,param_incompatibility,0.41
Grid_offline_ref,gesummv,122,False,,,param_incompatibility,2.48
Grid_offline_ref,gesummv,123,False,,,param_incompatibility,2.5
Grid_offline_ref,gesummv,124,False,,,param_incompatibility,2.49
Grid_offline_ref,gesummv,125,False,,,param_incompatibility,2.48
Grid_offline_ref,gesummv,126,False,,,param_incompatibility,2.47
Grid_offline_ref,gesummv,127,False,,,param_incompatibility,0.41
Grid_offline_ref,gesummv,128,False,,,param_incompatibility,2.46
Grid_offline_ref,gesummv,129,False,,,param_incompatibility,2.48
Grid_offline_ref,gesummv,130,False,,,param_incompatibility,2.5
Grid_offline_ref,gesummv,131,False,,,param_incompatibility,2.51
Grid_offline_ref,gesummv,132,False,,,pipeline_phi_conflict,2.48
Grid_offline_ref,gesummv,133,False,,,param_incompatibility,0.41
Grid_offline_ref,gesummv,134,False,,,pipeline_phi_conflict,2.48
Grid_offline_ref,gesummv,135,False,,,pipeline_phi_conflict,2.47
Grid_offline_ref,gesummv,136,False,,,pipeline_phi_conflict,2.48
Grid_offline_ref,gesummv,137,False,,,pipeline_phi_conflict,2.47
Grid_offline_ref,gesummv,138,False,,,pipeline_phi_conflict,2.46
Grid_offline_ref,gesummv,139,False,,,param_incompatibility,0.41
Grid_offline_ref,gesummv,140,False,,,pipeline_phi_conflict,2.5
Grid_offline_ref,gesummv,141,False,,,pipeline_phi_conflict,2.48
Grid_offline_ref,gesummv,142,False,,,pipeline_phi_conflict,2.46
Grid_offline_ref,gesummv,143,False,,,pipeline_phi_conflict,2.46
Grid_offline_ref,gesummv,144,False,,,param_incompatibility,2.47
Grid_offline_ref,gesummv,145,False,,,param_incompatibility,0.41
Grid_offline_ref,gesummv,146,False,,,param_incompatibility,2.47
Grid_offline_ref,gesummv,147,False,,,param_incompatibility,2.47
Grid_offline_ref,gesummv,148,False,,,param_incompatibility,2.46
Grid_offline_ref,gesummv,149,False,,,param_incompatibility,2.47
Grid_offline_ref,gesummv,150,False,,,param_incompatibility,2.43
Grid_offline_ref,gesummv,151,False,,,param_incompatibility,0.4
Grid_offline_ref,gesummv,152,False,,,param_incompatibility,2.44
Grid_offline_ref,gesummv,153,False,,,param_incompatibility,2.48
Grid_offline_ref,gesummv,154,False,,,param_incompatibility,2.47
Grid_offline_ref,gesummv,155,False,,,param_incompatibility,2.44
Grid_offline_ref,gesummv,156,False,,,param_incompatibility,2.43
Grid_offline_ref,gesummv,157,False,,,param_incompatibility,0.41
Grid_offline_ref,gesummv,158,False,,,param_incompatibility,2.46
Grid_offline_ref,gesummv,159,False,,,param_incompatibility,2.47
Grid_offline_ref,gesummv,160,False,,,param_incompatibility,2.51
Grid_offline_ref,gesummv,161,False,,,param_incompatibility,2.51
Grid_offline_ref,gesummv,162,False,,,param_incompatibility,2.47
Grid_offline_ref,gesummv,163,False,,,param_incompatibility,0.41
Grid_offline_ref,gesummv,164,False,,,param_incompatibility,2.49
Grid_offline_ref,gesummv,165,False,,,param_incompatibility,2.5
Grid_offline_ref,gesummv,166,False,,,param_incompatibility,2.48
Grid_offline_ref,gesummv,167,False,,,param_incompatibility,2.48
Grid_offline_ref,gesummv,168,False,,,param_incompatibility,2.5
Grid_offline_ref,gesummv,169,False,,,param_incompatibility,0.41
Grid_offline_ref,gesummv,170,False,,,param_incompatibility,2.47
Grid_offline_ref,gesummv,171,False,,,param_incompatibility,2.52
Grid_offline_ref,gesummv,172,False,,,param_incompatibility,2.46
Grid_offline_ref,gesummv,173,False,,,param_incompatibility,2.46
Grid_offline_ref,gesummv,174,False,,,param_incompatibility,2.44
Grid_offline_ref,gesummv,175,False,,,param_incompatibility,0.41
Grid_offline_ref,gesummv,176,False,,,param_incompatibility,2.45
Grid_offline_ref,gesummv,177,False,,,param_incompatibility,2.43
Grid_offline_ref,gesummv,178,False,,,param_incompatibility,2.45
Grid_offline_ref,gesummv,179,False,,,param_incompatibility,2.48
Grid_offline_ref,gesummv,180,False,,,pipeline_phi_conflict,2.43
Grid_offline_ref,gesummv,181,False,,,param_incompatibility,0.4
Grid_offline_ref,gesummv,182,False,,,pipeline_phi_conflict,2.44
Grid_offline_ref,gesummv,183,False,,,pipeline_phi_conflict,2.45
Grid_offline_ref,gesummv,184,False,,,pipeline_phi_conflict,2.47
Grid_offline_ref,gesummv,185,False,,,pipeline_phi_conflict,2.45
Grid_offline_ref,gesummv,186,False,,,pipeline_phi_conflict,2.45
Grid_offline_ref,gesummv,187,False,,,param_incompatibility,0.41
Grid_offline_ref,gesummv,188,False,,,pipeline_phi_conflict,2.47
Grid_offline_ref,gesummv,189,False,,,pipeline_phi_conflict,2.48
Grid_offline_ref,gesummv,190,False,,,pipeline_phi_conflict,2.47
Grid_offline_ref,gesummv,191,False,,,pipeline_phi_conflict,2.48
Grid_offline_ref,gesummv,192,False,,,param_incompatibility,2.46
Grid_offline_ref,gesummv,193,False,,,param_incompatibility,0.4
Grid_offline_ref,gesummv,194,False,,,param_incompatibility,2.47
Grid_offline_ref,gesummv,195,False,,,param_incompatibility,2.43
Grid_offline_ref,gesummv,196,False,,,param_incompatibility,2.45
Grid_offline_ref,gesummv,197,False,,,param_incompatibility,2.48
Grid_offline_ref,gesummv,198,False,,,param_incompatibility,2.49
Grid_offline_ref,gesummv,199,False,,,param_incompatibility,0.41
Grid_offline_ref,gesummv,200,False,,,param_incompatibility,2.52
Grid_offline_ref,gesummv,201,False,,,param_incompatibility,2.5
Grid_offline_ref,gesummv,202,False,,,param_incompatibility,2.48
Grid_offline_ref,gesummv,203,False,,,param_incompatibility,2.48
Grid_offline_ref,gesummv,204,False,,,param_incompatibility,2.47
Grid_offline_ref,gesummv,205,False,,,param_incompatibility,0.41
Grid_offline_ref,gesummv,206,False,,,param_incompatibility,2.47
Grid_offline_ref,gesummv,207,False,,,param_incompatibility,2.47
Grid_offline_ref,gesummv,208,False,,,param_incompatibility,2.47
Grid_offline_ref,gesummv,209,False,,,param_incompatibility,2.51
Grid_offline_ref,gesummv,210,False,,,param_incompatibility,2.47
Grid_offline_ref,gesummv,211,False,,,param_incompatibility,0.41
Grid_offline_ref,gesummv,212,False,,,param_incompatibility,2.48
Grid_offline_ref,gesummv,213,False,,,param_incompatibility,2.46
Grid_offline_ref,gesummv,214,False,,,param_incompatibility,2.47
Grid_offline_ref,gesummv,215,False,,,param_incompatibility,2.47
Grid_offline_ref,gesummv,216,False,,,param_incompatibility,2.46
Grid_offline_ref,gesummv,217,False,,,param_incompatibility,0.4
Grid_offline_ref,gesummv,218,False,,,param_incompatibility,2.47
Grid_offline_ref,gesummv,219,False,,,param_incompatibility,2.46
Grid_offline_ref,gesummv,220,False,,,param_incompatibility,2.47
Grid_offline_ref,gesummv,221,False,,,param_incompatibility,2.49
Grid_offline_ref,gesummv,222,False,,,param_incompatibility,2.47
Grid_offline_ref,gesummv,223,False,,,param_incompatibility,0.4
Grid_offline_ref,gesummv,224,False,,,param_incompatibility,2.48
Grid_offline_ref,gesummv,225,False,,,param_incompatibility,2.47
Grid_offline_ref,gesummv,226,False,,,param_incompatibility,2.45
Grid_offline_ref,gesummv,227,False,,,param_incompatibility,2.49
Grid_offline_ref,gesummv,228,False,,,pipeline_phi_conflict,2.44
Grid_offline_ref,gesummv,229,False,,,param_incompatibility,0.41
Grid_offline_ref,gesummv,230,False,,,pipeline_phi_conflict,2.45
Grid_offline_ref,gesummv,231,False,,,pipeline_phi_conflict,2.46
Grid_offline_ref,gesummv,232,False,,,pipeline_phi_conflict,2.43
Grid_offline_ref,gesummv,233,False,,,pipeline_phi_conflict,2.46
Grid_offline_ref,gesummv,234,False,,,pipeline_phi_conflict,2.48
Grid_offline_ref,gesummv,235,False,,,param_incompatibility,0.41
Grid_offline_ref,gesummv,236,False,,,pipeline_phi_conflict,2.47
Grid_offline_ref,gesummv,237,False,,,pipeline_phi_conflict,2.48
Grid_offline_ref,gesummv,238,False,,,pipeline_phi_conflict,2.49
Grid_offline_ref,gesummv,239,False,,,pipeline_phi_conflict,2.49
Grid_offline_ref,gesummv,240,False,,,param_incompatibility,2.49
Grid_offline_ref,gesummv,241,False,,,param_incompatibility,0.41
Grid_offline_ref,gesummv,242,False,,,param_incompatibility,2.5
Grid_offline_ref,gesummv,243,False,,,param_incompatibility,2.5
Grid_offline_ref,gesummv,244,False,,,param_incompatibility,2.49
Grid_offline_ref,gesummv,245,False,,,param_incompatibility,2.45
Grid_offline_ref,gesummv,246,False,,,param_incompatibility,2.45
Grid_offline_ref,gesummv,247,False,,,param_incompatibility,0.41
Grid_offline_ref,gesummv,248,False,,,param_incompatibility,2.48
Grid_offline_ref,gesummv,249,False,,,param_incompatibility,2.46
Grid_offline_ref,gesummv,250,False,,,param_incompatibility,2.47
Grid_offline_ref,gesummv,251,False,,,param_incompatibility,2.43
Grid_offline_ref,gesummv,252,False,,,param_incompatibility,2.45
Grid_offline_ref,gesummv,253,False,,,param_incompatibility,0.4
Grid_offline_ref,gesummv,254,False,,,param_incompatibility,2.46
Grid_offline_ref,gesummv,255,False,,,param_incompatibility,2.46
Grid_offline_ref,gesummv,256,False,,,param_incompatibility,2.47
Grid_offline_ref,gesummv,257,False,,,param_incompatibility,2.5
Grid_offline_ref,gesummv,258,False,,,param_incompatibility,2.48
Grid_offline_ref,gesummv,259,False,,,param_incompatibility,0.42
Grid_offline_ref,gesummv,260,False,,,param_incompatibility,2.54
Grid_offline_ref,gesummv,261,False,,,param_incompatibility,2.52
Grid_offline_ref,gesummv,262,False,,,param_incompatibility,2.51
Grid_offline_ref,gesummv,263,False,,,param_incompatibility,2.53
Grid_offline_ref,gesummv,264,False,,,param_incompatibility,2.55
Grid_offline_ref,gesummv,265,False,,,param_incompatibility,0.42
Grid_offline_ref,gesummv,266,False,,,param_incompatibility,2.51
Grid_offline_ref,gesummv,267,False,,,param_incompatibility,2.48
Grid_offline_ref,gesummv,268,False,,,param_incompatibility,2.51
Grid_offline_ref,gesummv,269,False,,,param_incompatibility,2.51
Grid_offline_ref,gesummv,270,False,,,param_incompatibility,2.49
Grid_offline_ref,gesummv,271,False,,,param_incompatibility,0.41
Grid_offline_ref,gesummv,272,False,,,param_incompatibility,2.5
Grid_offline_ref,gesummv,273,False,,,param_incompatibility,2.49
Grid_offline_ref,gesummv,274,False,,,param_incompatibility,2.49
Grid_offline_ref,gesummv,275,False,,,param_incompatibility,2.5
Grid_offline_ref,gesummv,276,False,,,pipeline_phi_conflict,2.52
Grid_offline_ref,gesummv,277,False,,,param_incompatibility,0.4
Grid_offline_ref,gesummv,278,False,,,pipeline_phi_conflict,2.48
Grid_offline_ref,gesummv,279,False,,,pipeline_phi_conflict,2.48
Grid_offline_ref,gesummv,280,False,,,pipeline_phi_conflict,2.46
Grid_offline_ref,gesummv,281,False,,,pipeline_phi_conflict,2.46
Grid_offline_ref,gesummv,282,False,,,pipeline_phi_conflict,2.48
Grid_offline_ref,gesummv,283,False,,,param_incompatibility,0.42
Grid_offline_ref,gesummv,284,False,,,pipeline_phi_conflict,2.5
Grid_offline_ref,gesummv,285,False,,,pipeline_phi_conflict,2.46
Grid_offline_ref,gesummv,286,False,,,pipeline_phi_conflict,2.48
Grid_offline_ref,gesummv,287,False,,,pipeline_phi_conflict,2.48
Grid_offline_ref,gesummv,288,False,,,param_incompatibility,2.46
Grid_offline_ref,gesummv,289,False,,,param_incompatibility,0.41
Grid_offline_ref,gesummv,290,False,,,param_incompatibility,2.49
Grid_offline_ref,gesummv,291,False,,,param_incompatibility,2.48
Grid_offline_ref,gesummv,292,False,,,param_incompatibility,2.47
Grid_offline_ref,gesummv,293,False,,,param_incompatibility,2.48
Grid_offline_ref,gesummv,294,False,,,param_incompatibility,2.53
Grid_offline_ref,gesummv,295,False,,,param_incompatibility,0.41
Grid_offline_ref,gesummv,296,False,,,param_incompatibility,2.45
Grid_offline_ref,gesummv,297,False,,,param_incompatibility,2.49
Grid_offline_ref,gesummv,298,False,,,param_incompatibility,2.46
Grid_offline_ref,gesummv,299,False,,,param_incompatibility,2.47
Grid_offline_ref,gesummv,300,False,,,param_incompatibility,2.49
Grid_offline_ref,gesummv,301,False,,,param_incompatibility,0.41
Grid_offline_ref,gesummv,302,False,,,param_incompatibility,2.5
Grid_offline_ref,gesummv,303,False,,,param_incompatibility,2.48
Grid_offline_ref,gesummv,304,False,,,param_incompatibility,2.46
Grid_offline_ref,gesummv,305,False,,,param_incompatibility,2.51
Grid_offline_ref,gesummv,306,False,,,param_incompatibility,2.48
Grid_offline_ref,gesummv,307,False,,,param_incompatibility,0.4
Grid_offline_ref,gesummv,308,False,,,param_incompatibility,2.44
Grid_offline_ref,gesummv,309,False,,,param_incompatibility,2.45
Grid_offline_ref,gesummv,310,False,,,param_incompatibility,2.49
Grid_offline_ref,gesummv,311,False,,,param_incompatibility,2.49
Grid_offline_ref,gesummv,312,False,,,param_incompatibility,2.46
Grid_offline_ref,gesummv,313,False,,,param_incompatibility,0.41
Grid_offline_ref,gesummv,314,False,,,param_incompatibility,2.47
Grid_offline_ref,gesummv,315,False,,,param_incompatibility,2.47
Grid_offline_ref,gesummv,316,False,,,param_incompatibility,2.47
Grid_offline_ref,gesummv,317,False,,,param_incompatibility,2.47
Grid_offline_ref,gesummv,318,False,,,param_incompatibility,2.49
Grid_offline_ref,gesummv,319,False,,,param_incompatibility,0.41
Grid_offline_ref,gesummv,320,False,,,param_incompatibility,2.46
Grid_offline_ref,gesummv,321,False,,,param_incompatibility,2.49
Grid_offline_ref,gesummv,322,False,,,param_incompatibility,2.44
Grid_offline_ref,gesummv,323,False,,,param_incompatibility,2.46
Grid_offline_ref,gesummv,324,False,,,pipeline_phi_conflict,2.48
Grid_offline_ref,gesummv,325,False,,,param_incompatibility,0.41
Grid_offline_ref,gesummv,326,False,,,pipeline_phi_conflict,2.47
Grid_offline_ref,gesummv,327,False,,,pipeline_phi_conflict,2.47
Grid_offline_ref,gesummv,328,False,,,pipeline_phi_conflict,2.44
Grid_offline_ref,gesummv,329,False,,,pipeline_phi_conflict,2.46
Grid_offline_ref,gesummv,330,False,,,pipeline_phi_conflict,2.48
Grid_offline_ref,gesummv,331,False,,,param_incompatibility,0.41
Grid_offline_ref,gesummv,332,False,,,pipeline_phi_conflict,2.46
Grid_offline_ref,gesummv,333,False,,,pipeline_phi_conflict,2.48
Grid_offline_ref,gesummv,334,False,,,pipeline_phi_conflict,2.48
Grid_offline_ref,gesummv,335,False,,,pipeline_phi_conflict,2.49
Grid_offline_ref,gesummv,336,False,,,param_incompatibility,2.5
Grid_offline_ref,gesummv,337,False,,,param_incompatibility,0.41
Grid_offline_ref,gesummv,338,False,,,param_incompatibility,2.5
Grid_offline_ref,gesummv,339,False,,,param_incompatibility,2.49
Grid_offline_ref,gesummv,340,False,,,param_incompatibility,2.47
Grid_offline_ref,gesummv,341,False,,,param_incompatibility,2.46
Grid_offline_ref,gesummv,342,False,,,param_incompatibility,2.48
Grid_offline_ref,gesummv,343,False,,,param_incompatibility,0.41
Grid_offline_ref,gesummv,344,False,,,param_incompatibility,2.54
Grid_offline_ref,gesummv,345,False,,,param_incompatibility,2.52
Grid_offline_ref,gesummv,346,False,,,param_incompatibility,2.52
Grid_offline_ref,gesummv,347,False,,,param_incompatibility,2.48
Grid_offline_ref,gesummv,348,False,,,param_incompatibility,2.49
Grid_offline_ref,gesummv,349,False,,,param_incompatibility,0.41
Grid_offline_ref,gesummv,350,False,,,param_incompatibility,2.49
Grid_offline_ref,gesummv,351,False,,,param_incompatibility,2.47
Grid_offline_ref,gesummv,352,False,,,param_incompatibility,2.47
Grid_offline_ref,gesummv,353,False,,,param_incompatibility,2.5
Grid_offline_ref,gesummv,354,False,,,param_incompatibility,2.46
Grid_offline_ref,gesummv,355,False,,,param_incompatibility,0.41
Grid_offline_ref,gesummv,356,False,,,param_incompatibility,2.5
Grid_offline_ref,gesummv,357,False,,,param_incompatibility,2.46
Grid_offline_ref,gesummv,358,False,,,param_incompatibility,2.48
Grid_offline_ref,gesummv,359,False,,,param_incompatibility,2.46
Grid_offline_ref,gesummv,360,False,,,param_incompatibility,2.44
Grid_offline_ref,gesummv,361,False,,,param_incompatibility,0.41
Grid_offline_ref,gesummv,362,False,,,param_incompatibility,2.46
Grid_offline_ref,gesummv,363,False,,,param_incompatibility,2.49
Grid_offline_ref,gesummv,364,False,,,param_incompatibility,2.48
Grid_offline_ref,gesummv,365,False,,,param_incompatibility,2.49
Grid_offline_ref,gesummv,366,False,,,param_incompatibility,2.53
Grid_offline_ref,gesummv,367,False,,,param_incompatibility,0.41
Grid_offline_ref,gesummv,368,False,,,param_incompatibility,2.46
Grid_offline_ref,gesummv,369,False,,,param_incompatibility,2.46
Grid_offline_ref,gesummv,370,False,,,param_incompatibility,2.46
Grid_offline_ref,gesummv,371,False,,,param_incompatibility,2.46
Grid_offline_ref,gesummv,372,False,,,pipeline_phi_conflict,2.46
Grid_offline_ref,gesummv,373,False,,,param_incompatibility,0.41
Grid_offline_ref,gesummv,374,False,,,pipeline_phi_conflict,2.51
Grid_offline_ref,gesummv,375,False,,,pipeline_phi_conflict,2.48
Grid_offline_ref,gesummv,376,False,,,pipeline_phi_conflict,2.45
Grid_offline_ref,gesummv,377,False,,,pipeline_phi_conflict,2.51
Grid_offline_ref,gesummv,378,False,,,pipeline_phi_conflict,2.5
Grid_offline_ref,gesummv,379,False,,,param_incompatibility,0.41
Grid_offline_ref,gesummv,380,False,,,pipeline_phi_conflict,2.47
Grid_offline_ref,gesummv,381,False,,,pipeline_phi_conflict,2.48
Grid_offline_ref,gesummv,382,False,,,pipeline_phi_conflict,2.47
Grid_offline_ref,gesummv,383,False,,,pipeline_phi_conflict,2.44
Grid_offline_ref,gesummv,384,False,,,param_incompatibility,2.46
Grid_offline_ref,gesummv,385,False,,,param_incompatibility,0.4
Grid_offline_ref,gesummv,386,False,,,param_incompatibility,2.46
Grid_offline_ref,gesummv,387,False,,,param_incompatibility,2.46
Grid_offline_ref,gesummv,388,False,,,param_incompatibility,2.46
Grid_offline_ref,gesummv,389,False,,,param_incompatibility,2.44
Grid_offline_ref,gesummv,390,False,,,param_incompatibility,2.47
Grid_offline_ref,gesummv,391,False,,,param_incompatibility,0.41
Grid_offline_ref,gesummv,392,False,,,param_incompatibility,2.46
Grid_offline_ref,gesummv,393,False,,,param_incompatibility,2.49
Grid_offline_ref,gesummv,394,False,,,param_incompatibility,2.47
Grid_offline_ref,gesummv,395,False,,,param_incompatibility,2.49
Grid_offline_ref,gesummv,396,False,,,param_incompatibility,2.49
Grid_offline_ref,gesummv,397,False,,,param_incompatibility,0.41
Grid_offline_ref,gesummv,398,False,,,param_incompatibility,2.49
Grid_offline_ref,gesummv,399,False,,,param_incompatibility,2.46
Grid_offline_ref,gesummv,400,False,,,param_incompatibility,2.45
Grid_offline_ref,gesummv,401,False,,,param_incompatibility,2.47
Grid_offline_ref,gesummv,402,False,,,param_incompatibility,2.47
Grid_offline_ref,gesummv,403,False,,,param_incompatibility,0.45
Grid_offline_ref,gesummv,404,False,,,param_incompatibility,2.57
Grid_offline_ref,gesummv,405,False,,,param_incompatibility,2.51
Grid_offline_ref,gesummv,406,False,,,param_incompatibility,2.5
Grid_offline_ref,gesummv,407,False,,,param_incompatibility,2.54
Grid_offline_ref,gesummv,408,False,,,param_incompatibility,2.45
Grid_offline_ref,gesummv,409,False,,,param_incompatibility,0.41
Grid_offline_ref,gesummv,410,False,,,param_incompatibility,2.5
Grid_offline_ref,gesummv,411,False,,,param_incompatibility,2.46
Grid_offline_ref,gesummv,412,False,,,param_incompatibility,2.48
Grid_offline_ref,gesummv,413,False,,,param_incompatibility,2.49
Grid_offline_ref,gesummv,414,False,,,param_incompatibility,2.5
Grid_offline_ref,gesummv,415,False,,,param_incompatibility,0.41
Grid_offline_ref,gesummv,416,False,,,param_incompatibility,2.49
Grid_offline_ref,gesummv,417,False,,,param_incompatibility,2.48
Grid_offline_ref,gesummv,418,False,,,param_incompatibility,2.5
Grid_offline_ref,gesummv,419,False,,,param_incompatibility,2.53
