config,n,sr_pct_mean,sr_pct_std,wasted_calls_mean,wasted_calls_std,ttff_s_mean,ttff_s_std,signatures_learned_mean,signatures_learned_std,total_skipped_mean,total_skipped_std
no-filter,12,50.81666666666667,16.088156758273705,14.75,4.826536495817114,59.51591666666667,109.07285517192653,0.0,0.0,0.0,0.0
SCF-only,12,50.81666666666667,16.088156758273705,14.75,4.826536495817114,59.26399999999999,108.73999722440514,0.0,0.0,0.0,0.0
SCF+RPE,12,50.541666666666664,16.378836585019947,14.833333333333334,4.9144191062133835,59.78725,107.13064318020565,0.08333333333333333,0.28867513459481287,7.25,25.11473670974872
SCF+OFRS,12,89.45833333333336,6.498175734680303,3.1666666666666665,1.9462473604038075,49.69266666666667,76.84709723781887,0.0,0.0,0.0,0.0
SCF+DFRL,12,89.45833333333336,6.498175734680303,3.1666666666666665,1.9462473604038075,49.357916666666675,77.00720133321457,0.0,0.0,0.0,0.0
DFRL-only,12,89.45833333333336,6.498175734680303,3.1666666666666665,1.9462473604038075,49.80633333333333,76.76620748661998,0.0,0.0,0.0,0.0
SCF+RPE-reorder,12,89.45833333333336,6.498175734680303,3.1666666666666665,1.9462473604038075,49.944500000000005,76.5618312162256,0.0,0.0,0.0,0.0
SCF+OFRS-skip,12,24.175,43.73422053100462,1.0,0.0,10.156333333333334,5.165215419838105,0.0,0.0,143.25,86.38300022152927
