tool,scf_ms,rpe_ms,ofrs_ms,algo_total_ms,synth_ms,ratio
Bambu,0.08594583333333332,0.16887500000000003,5.030308333333334,5.2851291666666675,2503.7323708333333,473.7315384124165
Dynamatic,0.012511111111111112,0.15946111111111114,1.9754944444444444,2.147466666666667,6244.558644444445,2907.872211184238
