tool,scf_ms,rpe_ms,ofrs_ms,algo_total_ms,synth_ms,ratio
Bambu,0.08594583333333332,0.16887500000000003,5.030308333333334,5.2851291666666675,2503.7323708333333,473.7315384124165
Dynamatic,0.012541666666666668,0.16073333333333334,1.978091666666667,2.151366666666667,8127.311966666666,3777.7437442865767
