strategy,benchmark,config_id,success,area,latency,error_type,synthesis_time_s,clock_period,buffer_algorithm,sharing,disable_lsq,fast_token_delivery
Grid_offline_ref,matmul,0,True,46,476,none,3.19,2,on-merges,False,False,False
Grid_offline_ref,matmul,1,True,53,414,none,3.53,2,on-merges,False,False,True
Grid_offline_ref,matmul,2,True,46,476,none,3.22,2,on-merges,False,True,False
Grid_offline_ref,matmul,3,True,53,414,none,3.64,2,on-merges,False,True,True
Grid_offline_ref,matmul,4,True,46,476,none,3.31,2,on-merges,True,False,False
Grid_offline_ref,matmul,5,True,53,414,none,3.65,2,on-merges,True,False,True
Grid_offline_ref,matmul,6,True,46,476,none,3.14,2,on-merges,True,True,False
Grid_offline_ref,matmul,7,True,53,414,none,3.44,2,on-merges,True,True,True
Grid_offline_ref,matmul,8,False,,,timeout,120.1,2,fpga20,False,False,False
Grid_offline_ref,matmul,9,False,,,buffer_placement_failed,0.7,2,fpga20,False,False,True
Grid_offline_ref,matmul,10,False,,,timeout,120.1,2,fpga20,False,True,False
Grid_offline_ref,matmul,11,False,,,buffer_placement_failed,0.67,2,fpga20,False,True,True
Grid_offline_ref,matmul,12,False,,,timeout,120.1,2,fpga20,True,False,False
Grid_offline_ref,matmul,13,False,,,buffer_placement_failed,0.68,2,fpga20,True,False,True
Grid_offline_ref,matmul,14,False,,,timeout,120.1,2,fpga20,True,True,False
Grid_offline_ref,matmul,15,False,,,buffer_placement_failed,0.71,2,fpga20,True,True,True
Grid_offline_ref,matmul,16,True,55,716,none,57.42,2,fpl22,False,False,False
Grid_offline_ref,matmul,17,False,,,buffer_placement_failed,0.68,2,fpl22,False,False,True
Grid_offline_ref,matmul,18,True,55,716,none,57.62,2,fpl22,False,True,False
Grid_offline_ref,matmul,19,False,,,buffer_placement_failed,0.68,2,fpl22,False,True,True
Grid_offline_ref,matmul,20,True,55,716,none,56.55,2,fpl22,True,False,False
Grid_offline_ref,matmul,21,False,,,buffer_placement_failed,0.68,2,fpl22,True,False,True
Grid_offline_ref,matmul,22,True,55,716,none,57.15,2,fpl22,True,True,False
Grid_offline_ref,matmul,23,False,,,buffer_placement_failed,0.69,2,fpl22,True,True,True
Grid_offline_ref,matmul,24,True,46,476,none,3.21,3,on-merges,False,False,False
Grid_offline_ref,matmul,25,True,53,414,none,3.57,3,on-merges,False,False,True
Grid_offline_ref,matmul,26,True,46,476,none,3.22,3,on-merges,False,True,False
Grid_offline_ref,matmul,27,True,53,414,none,3.47,3,on-merges,False,True,True
Grid_offline_ref,matmul,28,True,46,476,none,3.29,3,on-merges,True,False,False
Grid_offline_ref,matmul,29,True,53,414,none,3.59,3,on-merges,True,False,True
Grid_offline_ref,matmul,30,True,46,476,none,3.26,3,on-merges,True,True,False
Grid_offline_ref,matmul,31,True,53,414,none,3.58,3,on-merges,True,True,True
Grid_offline_ref,matmul,32,False,,,timeout,120.1,3,fpga20,False,False,False
Grid_offline_ref,matmul,33,False,,,buffer_placement_failed,0.71,3,fpga20,False,False,True
Grid_offline_ref,matmul,34,False,,,timeout,120.1,3,fpga20,False,True,False
Grid_offline_ref,matmul,35,False,,,buffer_placement_failed,0.74,3,fpga20,False,True,True
Grid_offline_ref,matmul,36,False,,,timeout,120.1,3,fpga20,True,False,False
Grid_offline_ref,matmul,37,False,,,buffer_placement_failed,0.75,3,fpga20,True,False,True
Grid_offline_ref,matmul,38,False,,,timeout,120.1,3,fpga20,True,True,False
Grid_offline_ref,matmul,39,False,,,buffer_placement_failed,0.72,3,fpga20,True,True,True
Grid_offline_ref,matmul,40,False,,,timeout,120.1,3,fpl22,False,False,False
Grid_offline_ref,matmul,41,False,,,buffer_placement_failed,0.75,3,fpl22,False,False,True
Grid_offline_ref,matmul,42,False,,,timeout,120.1,3,fpl22,False,True,False
Grid_offline_ref,matmul,43,False,,,buffer_placement_failed,0.77,3,fpl22,False,True,True
Grid_offline_ref,matmul,44,False,,,timeout,120.1,3,fpl22,True,False,False
Grid_offline_ref,matmul,45,False,,,buffer_placement_failed,0.75,3,fpl22,True,False,True
Grid_offline_ref,matmul,46,False,,,timeout,120.1,3,fpl22,True,True,False
Grid_offline_ref,matmul,47,False,,,buffer_placement_failed,0.75,3,fpl22,True,True,True
Grid_offline_ref,matmul,48,True,46,476,none,3.39,4,on-merges,False,False,False
Grid_offline_ref,matmul,49,True,53,414,none,3.63,4,on-merges,False,False,True
Grid_offline_ref,matmul,50,True,46,476,none,3.35,4,on-merges,False,True,False
Grid_offline_ref,matmul,51,True,53,414,none,3.73,4,on-merges,False,True,True
Grid_offline_ref,matmul,52,True,46,476,none,3.71,4,on-merges,True,False,False
Grid_offline_ref,matmul,53,True,53,414,none,4.05,4,on-merges,True,False,True
Grid_offline_ref,matmul,54,True,46,476,none,3.26,4,on-merges,True,True,False
Grid_offline_ref,matmul,55,True,53,414,none,3.55,4,on-merges,True,True,True
Grid_offline_ref,matmul,56,False,,,timeout,120.1,4,fpga20,False,False,False
Grid_offline_ref,matmul,57,False,,,buffer_placement_failed,0.75,4,fpga20,False,False,True
Grid_offline_ref,matmul,58,False,,,timeout,120.1,4,fpga20,False,True,False
Grid_offline_ref,matmul,59,False,,,buffer_placement_failed,0.75,4,fpga20,False,True,True
Grid_offline_ref,matmul,60,False,,,timeout,120.1,4,fpga20,True,False,False
Grid_offline_ref,matmul,61,False,,,buffer_placement_failed,0.72,4,fpga20,True,False,True
Grid_offline_ref,matmul,62,False,,,timeout,120.1,4,fpga20,True,True,False
Grid_offline_ref,matmul,63,False,,,buffer_placement_failed,0.68,4,fpga20,True,True,True
Grid_offline_ref,matmul,64,False,,,timeout,120.1,4,fpl22,False,False,False
Grid_offline_ref,matmul,65,False,,,buffer_placement_failed,0.71,4,fpl22,False,False,True
Grid_offline_ref,matmul,66,False,,,timeout,120.1,4,fpl22,False,True,False
Grid_offline_ref,matmul,67,False,,,buffer_placement_failed,0.68,4,fpl22,False,True,True
Grid_offline_ref,matmul,68,False,,,timeout,120.1,4,fpl22,True,False,False
Grid_offline_ref,matmul,69,False,,,buffer_placement_failed,0.68,4,fpl22,True,False,True
Grid_offline_ref,matmul,70,False,,,timeout,120.1,4,fpl22,True,True,False
Grid_offline_ref,matmul,71,False,,,buffer_placement_failed,0.7,4,fpl22,True,True,True
Grid_offline_ref,matmul,72,True,46,476,none,3.22,5,on-merges,False,False,False
Grid_offline_ref,matmul,73,True,53,414,none,3.6,5,on-merges,False,False,True
Grid_offline_ref,matmul,74,True,46,476,none,3.32,5,on-merges,False,True,False
Grid_offline_ref,matmul,75,True,53,414,none,3.58,5,on-merges,False,True,True
Grid_offline_ref,matmul,76,True,46,476,none,3.22,5,on-merges,True,False,False
Grid_offline_ref,matmul,77,True,53,414,none,3.57,5,on-merges,True,False,True
Grid_offline_ref,matmul,78,True,46,476,none,3.25,5,on-merges,True,True,False
Grid_offline_ref,matmul,79,True,53,414,none,3.62,5,on-merges,True,True,True
Grid_offline_ref,matmul,80,True,55,456,none,22.69,5,fpga20,False,False,False
Grid_offline_ref,matmul,81,False,,,buffer_placement_failed,0.7,5,fpga20,False,False,True
Grid_offline_ref,matmul,82,True,55,456,none,22.72,5,fpga20,False,True,False
Grid_offline_ref,matmul,83,False,,,buffer_placement_failed,0.7,5,fpga20,False,True,True
Grid_offline_ref,matmul,84,True,55,456,none,22.58,5,fpga20,True,False,False
Grid_offline_ref,matmul,85,False,,,buffer_placement_failed,0.67,5,fpga20,True,False,True
Grid_offline_ref,matmul,86,True,55,456,none,21.91,5,fpga20,True,True,False
Grid_offline_ref,matmul,87,False,,,buffer_placement_failed,0.7,5,fpga20,True,True,True
Grid_offline_ref,matmul,88,False,,,timeout,120.1,5,fpl22,False,False,False
Grid_offline_ref,matmul,89,False,,,buffer_placement_failed,0.71,5,fpl22,False,False,True
Grid_offline_ref,matmul,90,False,,,timeout,120.1,5,fpl22,False,True,False
Grid_offline_ref,matmul,91,False,,,buffer_placement_failed,0.68,5,fpl22,False,True,True
Grid_offline_ref,matmul,92,False,,,timeout,120.1,5,fpl22,True,False,False
Grid_offline_ref,matmul,93,False,,,buffer_placement_failed,0.68,5,fpl22,True,False,True
Grid_offline_ref,matmul,94,False,,,timeout,120.1,5,fpl22,True,True,False
Grid_offline_ref,matmul,95,False,,,buffer_placement_failed,0.67,5,fpl22,True,True,True
Grid_offline_ref,matmul,96,True,46,476,none,3.13,6,on-merges,False,False,False
Grid_offline_ref,matmul,97,True,53,414,none,3.44,6,on-merges,False,False,True
Grid_offline_ref,matmul,98,True,46,476,none,3.12,6,on-merges,False,True,False
Grid_offline_ref,matmul,99,True,53,414,none,3.41,6,on-merges,False,True,True
Grid_offline_ref,matmul,100,True,46,476,none,3.14,6,on-merges,True,False,False
Grid_offline_ref,matmul,101,True,53,414,none,3.39,6,on-merges,True,False,True
Grid_offline_ref,matmul,102,True,46,476,none,3.15,6,on-merges,True,True,False
Grid_offline_ref,matmul,103,True,53,414,none,3.43,6,on-merges,True,True,True
Grid_offline_ref,matmul,104,True,54,454,none,57.7,6,fpga20,False,False,False
Grid_offline_ref,matmul,105,False,,,buffer_placement_failed,0.69,6,fpga20,False,False,True
Grid_offline_ref,matmul,106,True,54,454,none,57.65,6,fpga20,False,True,False
Grid_offline_ref,matmul,107,False,,,buffer_placement_failed,0.67,6,fpga20,False,True,True
Grid_offline_ref,matmul,108,True,54,454,none,58.12,6,fpga20,True,False,False
Grid_offline_ref,matmul,109,False,,,buffer_placement_failed,0.69,6,fpga20,True,False,True
Grid_offline_ref,matmul,110,True,54,454,none,57.8,6,fpga20,True,True,False
Grid_offline_ref,matmul,111,False,,,buffer_placement_failed,0.69,6,fpga20,True,True,True
Grid_offline_ref,matmul,112,False,,,timeout,120.1,6,fpl22,False,False,False
Grid_offline_ref,matmul,113,False,,,buffer_placement_failed,0.68,6,fpl22,False,False,True
Grid_offline_ref,matmul,114,False,,,timeout,120.1,6,fpl22,False,True,False
Grid_offline_ref,matmul,115,False,,,buffer_placement_failed,0.69,6,fpl22,False,True,True
Grid_offline_ref,matmul,116,False,,,timeout,120.1,6,fpl22,True,False,False
Grid_offline_ref,matmul,117,False,,,buffer_placement_failed,0.68,6,fpl22,True,False,True
Grid_offline_ref,matmul,118,False,,,timeout,120.1,6,fpl22,True,True,False
Grid_offline_ref,matmul,119,False,,,buffer_placement_failed,0.69,6,fpl22,True,True,True
Grid_offline_ref,matmul,120,True,46,476,none,3.11,8,on-merges,False,False,False
Grid_offline_ref,matmul,121,True,53,414,none,3.56,8,on-merges,False,False,True
Grid_offline_ref,matmul,122,True,46,476,none,3.15,8,on-merges,False,True,False
Grid_offline_ref,matmul,123,True,53,414,none,3.42,8,on-merges,False,True,True
Grid_offline_ref,matmul,124,True,46,476,none,3.14,8,on-merges,True,False,False
Grid_offline_ref,matmul,125,True,53,414,none,3.43,8,on-merges,True,False,True
Grid_offline_ref,matmul,126,True,46,476,none,3.12,8,on-merges,True,True,False
Grid_offline_ref,matmul,127,True,53,414,none,3.57,8,on-merges,True,True,True
Grid_offline_ref,matmul,128,True,53,448,none,46.15,8,fpga20,False,False,False
Grid_offline_ref,matmul,129,False,,,buffer_placement_failed,0.68,8,fpga20,False,False,True
Grid_offline_ref,matmul,130,True,53,448,none,45.79,8,fpga20,False,True,False
Grid_offline_ref,matmul,131,False,,,buffer_placement_failed,0.68,8,fpga20,False,True,True
Grid_offline_ref,matmul,132,True,53,448,none,45.47,8,fpga20,True,False,False
Grid_offline_ref,matmul,133,False,,,buffer_placement_failed,0.68,8,fpga20,True,False,True
Grid_offline_ref,matmul,134,True,53,448,none,45.74,8,fpga20,True,True,False
Grid_offline_ref,matmul,135,False,,,buffer_placement_failed,0.67,8,fpga20,True,True,True
Grid_offline_ref,matmul,136,False,,,timeout,120.1,8,fpl22,False,False,False
Grid_offline_ref,matmul,137,False,,,buffer_placement_failed,0.68,8,fpl22,False,False,True
Grid_offline_ref,matmul,138,False,,,timeout,120.1,8,fpl22,False,True,False
Grid_offline_ref,matmul,139,False,,,buffer_placement_failed,0.68,8,fpl22,False,True,True
Grid_offline_ref,matmul,140,False,,,timeout,120.1,8,fpl22,True,False,False
Grid_offline_ref,matmul,141,False,,,buffer_placement_failed,0.68,8,fpl22,True,False,True
Grid_offline_ref,matmul,142,False,,,timeout,120.1,8,fpl22,True,True,False
Grid_offline_ref,matmul,143,False,,,buffer_placement_failed,0.68,8,fpl22,True,True,True
Grid_offline_ref,matmul,144,True,46,476,none,3.1,10,on-merges,False,False,False
Grid_offline_ref,matmul,145,True,53,414,none,3.46,10,on-merges,False,False,True
Grid_offline_ref,matmul,146,True,46,476,none,3.13,10,on-merges,False,True,False
Grid_offline_ref,matmul,147,True,53,414,none,3.47,10,on-merges,False,True,True
Grid_offline_ref,matmul,148,True,46,476,none,3.17,10,on-merges,True,False,False
Grid_offline_ref,matmul,149,True,53,414,none,3.58,10,on-merges,True,False,True
Grid_offline_ref,matmul,150,True,46,476,none,3.12,10,on-merges,True,True,False
Grid_offline_ref,matmul,151,True,53,414,none,3.43,10,on-merges,True,True,True
Grid_offline_ref,matmul,152,True,52,440,none,16.41,10,fpga20,False,False,False
Grid_offline_ref,matmul,153,False,,,buffer_placement_failed,0.67,10,fpga20,False,False,True
Grid_offline_ref,matmul,154,True,52,440,none,16.4,10,fpga20,False,True,False
Grid_offline_ref,matmul,155,False,,,buffer_placement_failed,0.68,10,fpga20,False,True,True
Grid_offline_ref,matmul,156,True,52,440,none,16.44,10,fpga20,True,False,False
Grid_offline_ref,matmul,157,False,,,buffer_placement_failed,0.69,10,fpga20,True,False,True
Grid_offline_ref,matmul,158,True,52,440,none,16.39,10,fpga20,True,True,False
Grid_offline_ref,matmul,159,False,,,buffer_placement_failed,0.67,10,fpga20,True,True,True
Grid_offline_ref,matmul,160,False,,,timeout,120.1,10,fpl22,False,False,False
Grid_offline_ref,matmul,161,False,,,buffer_placement_failed,0.67,10,fpl22,False,False,True
Grid_offline_ref,matmul,162,False,,,timeout,120.1,10,fpl22,False,True,False
Grid_offline_ref,matmul,163,False,,,buffer_placement_failed,0.68,10,fpl22,False,True,True
Grid_offline_ref,matmul,164,False,,,timeout,120.1,10,fpl22,True,False,False
Grid_offline_ref,matmul,165,False,,,buffer_placement_failed,0.67,10,fpl22,True,False,True
Grid_offline_ref,matmul,166,False,,,timeout,120.1,10,fpl22,True,True,False
Grid_offline_ref,matmul,167,False,,,buffer_placement_failed,0.68,10,fpl22,True,True,True
Grid_offline_ref,matmul,168,True,46,476,none,3.11,12,on-merges,False,False,False
Grid_offline_ref,matmul,169,True,53,414,none,3.41,12,on-merges,False,False,True
Grid_offline_ref,matmul,170,True,46,476,none,3.09,12,on-merges,False,True,False
Grid_offline_ref,matmul,171,True,53,414,none,3.57,12,on-merges,False,True,True
Grid_offline_ref,matmul,172,True,46,476,none,3.13,12,on-merges,True,False,False
Grid_offline_ref,matmul,173,True,53,414,none,3.41,12,on-merges,True,False,True
Grid_offline_ref,matmul,174,True,46,476,none,3.1,12,on-merges,True,True,False
Grid_offline_ref,matmul,175,True,53,414,none,3.42,12,on-merges,True,True,True
Grid_offline_ref,matmul,176,True,49,434,none,16.29,12,fpga20,False,False,False
Grid_offline_ref,matmul,177,False,,,buffer_placement_failed,0.68,12,fpga20,False,False,True
Grid_offline_ref,matmul,178,True,49,434,none,16.28,12,fpga20,False,True,False
Grid_offline_ref,matmul,179,False,,,buffer_placement_failed,0.68,12,fpga20,False,True,True
Grid_offline_ref,matmul,180,True,49,434,none,16.29,12,fpga20,True,False,False
Grid_offline_ref,matmul,181,False,,,buffer_placement_failed,0.7,12,fpga20,True,False,True
Grid_offline_ref,matmul,182,True,49,434,none,16.31,12,fpga20,True,True,False
Grid_offline_ref,matmul,183,False,,,buffer_placement_failed,0.68,12,fpga20,True,True,True
Grid_offline_ref,matmul,184,False,,,timeout,120.1,12,fpl22,False,False,False
Grid_offline_ref,matmul,185,False,,,buffer_placement_failed,0.67,12,fpl22,False,False,True
Grid_offline_ref,matmul,186,False,,,timeout,120.1,12,fpl22,False,True,False
Grid_offline_ref,matmul,187,False,,,buffer_placement_failed,0.71,12,fpl22,False,True,True
Grid_offline_ref,matmul,188,False,,,timeout,120.1,12,fpl22,True,False,False
Grid_offline_ref,matmul,189,False,,,buffer_placement_failed,0.68,12,fpl22,True,False,True
Grid_offline_ref,matmul,190,False,,,timeout,120.1,12,fpl22,True,True,False
Grid_offline_ref,matmul,191,False,,,buffer_placement_failed,0.67,12,fpl22,True,True,True
Grid_offline_ref,vadd,0,True,31,105,none,1.62,2,on-merges,False,False,False
Grid_offline_ref,vadd,1,True,37,120,none,1.99,2,on-merges,False,False,True
Grid_offline_ref,vadd,2,True,31,105,none,1.65,2,on-merges,False,True,False
Grid_offline_ref,vadd,3,True,37,120,none,1.99,2,on-merges,False,True,True
Grid_offline_ref,vadd,4,True,31,105,none,1.65,2,on-merges,True,False,False
Grid_offline_ref,vadd,5,True,37,120,none,2.0,2,on-merges,True,False,True
Grid_offline_ref,vadd,6,True,31,105,none,1.69,2,on-merges,True,True,False
Grid_offline_ref,vadd,7,True,37,120,none,2.03,2,on-merges,True,True,True
Grid_offline_ref,vadd,8,True,32,109,none,2.09,2,fpga20,False,False,False
Grid_offline_ref,vadd,9,True,37,124,none,2.44,2,fpga20,False,False,True
Grid_offline_ref,vadd,10,True,32,109,none,2.12,2,fpga20,False,True,False
Grid_offline_ref,vadd,11,True,37,124,none,2.42,2,fpga20,False,True,True
Grid_offline_ref,vadd,12,True,32,109,none,2.11,2,fpga20,True,False,False
Grid_offline_ref,vadd,13,True,37,124,none,2.43,2,fpga20,True,False,True
Grid_offline_ref,vadd,14,True,32,109,none,2.12,2,fpga20,True,True,False
Grid_offline_ref,vadd,15,True,37,124,none,2.42,2,fpga20,True,True,True
Grid_offline_ref,vadd,16,True,35,131,none,2.34,2,fpl22,False,False,False
Grid_offline_ref,vadd,17,True,37,144,none,2.48,2,fpl22,False,False,True
Grid_offline_ref,vadd,18,True,35,131,none,2.36,2,fpl22,False,True,False
Grid_offline_ref,vadd,19,True,37,144,none,2.45,2,fpl22,False,True,True
Grid_offline_ref,vadd,20,True,35,131,none,2.36,2,fpl22,True,False,False
Grid_offline_ref,vadd,21,True,37,144,none,2.46,2,fpl22,True,False,True
Grid_offline_ref,vadd,22,True,35,131,none,2.35,2,fpl22,True,True,False
Grid_offline_ref,vadd,23,True,37,144,none,2.49,2,fpl22,True,True,True
Grid_offline_ref,vadd,24,True,31,105,none,1.62,3,on-merges,False,False,False
Grid_offline_ref,vadd,25,True,37,120,none,1.97,3,on-merges,False,False,True
Grid_offline_ref,vadd,26,True,31,105,none,1.71,3,on-merges,False,True,False
Grid_offline_ref,vadd,27,True,37,120,none,2.03,3,on-merges,False,True,True
Grid_offline_ref,vadd,28,True,31,105,none,1.66,3,on-merges,True,False,False
Grid_offline_ref,vadd,29,True,37,120,none,1.98,3,on-merges,True,False,True
Grid_offline_ref,vadd,30,True,31,105,none,1.65,3,on-merges,True,True,False
Grid_offline_ref,vadd,31,True,37,120,none,1.97,3,on-merges,True,True,True
Grid_offline_ref,vadd,32,True,31,105,none,2.07,3,fpga20,False,False,False
Grid_offline_ref,vadd,33,True,37,120,none,2.62,3,fpga20,False,False,True
Grid_offline_ref,vadd,34,True,31,105,none,2.11,3,fpga20,False,True,False
Grid_offline_ref,vadd,35,True,37,120,none,2.42,3,fpga20,False,True,True
Grid_offline_ref,vadd,36,True,31,105,none,2.09,3,fpga20,True,False,False
Grid_offline_ref,vadd,37,True,37,120,none,2.41,3,fpga20,True,False,True
Grid_offline_ref,vadd,38,True,31,105,none,2.06,3,fpga20,True,True,False
Grid_offline_ref,vadd,39,True,37,120,none,2.41,3,fpga20,True,True,True
Grid_offline_ref,vadd,40,True,32,117,none,2.3,3,fpl22,False,False,False
Grid_offline_ref,vadd,41,True,37,130,none,2.48,3,fpl22,False,False,True
Grid_offline_ref,vadd,42,True,32,117,none,2.29,3,fpl22,False,True,False
Grid_offline_ref,vadd,43,True,37,130,none,2.49,3,fpl22,False,True,True
Grid_offline_ref,vadd,44,True,32,117,none,2.3,3,fpl22,True,False,False
Grid_offline_ref,vadd,45,True,37,130,none,2.49,3,fpl22,True,False,True
Grid_offline_ref,vadd,46,True,32,117,none,2.27,3,fpl22,True,True,False
Grid_offline_ref,vadd,47,True,37,130,none,2.48,3,fpl22,True,True,True
Grid_offline_ref,vadd,48,True,31,105,none,1.63,4,on-merges,False,False,False
Grid_offline_ref,vadd,49,True,37,120,none,1.99,4,on-merges,False,False,True
Grid_offline_ref,vadd,50,True,31,105,none,1.67,4,on-merges,False,True,False
Grid_offline_ref,vadd,51,True,37,120,none,2.0,4,on-merges,False,True,True
Grid_offline_ref,vadd,52,True,31,105,none,1.67,4,on-merges,True,False,False
Grid_offline_ref,vadd,53,True,37,120,none,1.97,4,on-merges,True,False,True
Grid_offline_ref,vadd,54,True,31,105,none,1.65,4,on-merges,True,True,False
Grid_offline_ref,vadd,55,True,37,120,none,1.98,4,on-merges,True,True,True
Grid_offline_ref,vadd,56,True,31,105,none,2.1,4,fpga20,False,False,False
Grid_offline_ref,vadd,57,True,37,118,none,2.47,4,fpga20,False,False,True
Grid_offline_ref,vadd,58,True,31,105,none,2.11,4,fpga20,False,True,False
Grid_offline_ref,vadd,59,True,37,118,none,2.43,4,fpga20,False,True,True
Grid_offline_ref,vadd,60,True,31,105,none,2.13,4,fpga20,True,False,False
Grid_offline_ref,vadd,61,True,37,118,none,2.43,4,fpga20,True,False,True
Grid_offline_ref,vadd,62,True,31,105,none,2.11,4,fpga20,True,True,False
Grid_offline_ref,vadd,63,True,37,118,none,2.38,4,fpga20,True,True,True
Grid_offline_ref,vadd,64,True,33,111,none,2.26,4,fpl22,False,False,False
Grid_offline_ref,vadd,65,True,37,126,none,2.46,4,fpl22,False,False,True
Grid_offline_ref,vadd,66,True,33,111,none,2.27,4,fpl22,False,True,False
Grid_offline_ref,vadd,67,True,37,126,none,2.44,4,fpl22,False,True,True
Grid_offline_ref,vadd,68,True,33,111,none,2.27,4,fpl22,True,False,False
Grid_offline_ref,vadd,69,True,37,126,none,2.48,4,fpl22,True,False,True
Grid_offline_ref,vadd,70,True,33,111,none,2.26,4,fpl22,True,True,False
Grid_offline_ref,vadd,71,True,37,126,none,2.45,4,fpl22,True,True,True
Grid_offline_ref,vadd,72,True,31,105,none,1.65,5,on-merges,False,False,False
Grid_offline_ref,vadd,73,True,37,120,none,1.98,5,on-merges,False,False,True
Grid_offline_ref,vadd,74,True,31,105,none,1.62,5,on-merges,False,True,False
Grid_offline_ref,vadd,75,True,37,120,none,1.98,5,on-merges,False,True,True
Grid_offline_ref,vadd,76,True,31,105,none,1.64,5,on-merges,True,False,False
Grid_offline_ref,vadd,77,True,37,120,none,1.97,5,on-merges,True,False,True
Grid_offline_ref,vadd,78,True,31,105,none,1.65,5,on-merges,True,True,False
Grid_offline_ref,vadd,79,True,37,120,none,2.0,5,on-merges,True,True,True
Grid_offline_ref,vadd,80,True,31,103,none,2.12,5,fpga20,False,False,False
Grid_offline_ref,vadd,81,True,37,118,none,2.42,5,fpga20,False,False,True
Grid_offline_ref,vadd,82,True,31,103,none,2.05,5,fpga20,False,True,False
Grid_offline_ref,vadd,83,True,37,118,none,2.41,5,fpga20,False,True,True
Grid_offline_ref,vadd,84,True,31,103,none,2.04,5,fpga20,True,False,False
Grid_offline_ref,vadd,85,True,37,118,none,2.42,5,fpga20,True,False,True
Grid_offline_ref,vadd,86,True,31,103,none,2.1,5,fpga20,True,True,False
Grid_offline_ref,vadd,87,True,37,118,none,2.41,5,fpga20,True,True,True
Grid_offline_ref,vadd,88,True,32,107,none,2.31,5,fpl22,False,False,False
Grid_offline_ref,vadd,89,True,36,120,none,2.5,5,fpl22,False,False,True
Grid_offline_ref,vadd,90,True,32,107,none,2.31,5,fpl22,False,True,False
Grid_offline_ref,vadd,91,True,36,120,none,2.47,5,fpl22,False,True,True
Grid_offline_ref,vadd,92,True,32,107,none,2.32,5,fpl22,True,False,False
Grid_offline_ref,vadd,93,True,36,120,none,2.52,5,fpl22,True,False,True
Grid_offline_ref,vadd,94,True,32,107,none,2.34,5,fpl22,True,True,False
Grid_offline_ref,vadd,95,True,36,120,none,2.49,5,fpl22,True,True,True
Grid_offline_ref,vadd,96,True,31,105,none,1.66,6,on-merges,False,False,False
Grid_offline_ref,vadd,97,True,37,120,none,1.99,6,on-merges,False,False,True
Grid_offline_ref,vadd,98,True,31,105,none,1.64,6,on-merges,False,True,False
Grid_offline_ref,vadd,99,True,37,120,none,1.95,6,on-merges,False,True,True
Grid_offline_ref,vadd,100,True,31,105,none,1.66,6,on-merges,True,False,False
Grid_offline_ref,vadd,101,True,37,120,none,1.96,6,on-merges,True,False,True
Grid_offline_ref,vadd,102,True,31,105,none,1.62,6,on-merges,True,True,False
Grid_offline_ref,vadd,103,True,37,120,none,1.99,6,on-merges,True,True,True
Grid_offline_ref,vadd,104,True,31,103,none,2.05,6,fpga20,False,False,False
Grid_offline_ref,vadd,105,True,37,116,none,2.4,6,fpga20,False,False,True
Grid_offline_ref,vadd,106,True,31,103,none,2.09,6,fpga20,False,True,False
Grid_offline_ref,vadd,107,True,37,116,none,2.49,6,fpga20,False,True,True
Grid_offline_ref,vadd,108,True,31,103,none,2.14,6,fpga20,True,False,False
Grid_offline_ref,vadd,109,True,37,116,none,2.42,6,fpga20,True,False,True
Grid_offline_ref,vadd,110,True,31,103,none,2.06,6,fpga20,True,True,False
Grid_offline_ref,vadd,111,True,37,116,none,2.4,6,fpga20,True,True,True
Grid_offline_ref,vadd,112,True,33,107,none,2.17,6,fpl22,False,False,False
Grid_offline_ref,vadd,113,True,38,120,none,2.56,6,fpl22,False,False,True
Grid_offline_ref,vadd,114,True,33,107,none,2.18,6,fpl22,False,True,False
Grid_offline_ref,vadd,115,True,38,120,none,2.57,6,fpl22,False,True,True
Grid_offline_ref,vadd,116,True,33,107,none,2.21,6,fpl22,True,False,False
Grid_offline_ref,vadd,117,True,38,120,none,2.53,6,fpl22,True,False,True
Grid_offline_ref,vadd,118,True,33,107,none,2.17,6,fpl22,True,True,False
Grid_offline_ref,vadd,119,True,38,120,none,2.55,6,fpl22,True,True,True
Grid_offline_ref,vadd,120,True,31,105,none,1.66,8,on-merges,False,False,False
Grid_offline_ref,vadd,121,True,37,120,none,2.01,8,on-merges,False,False,True
Grid_offline_ref,vadd,122,True,31,105,none,1.63,8,on-merges,False,True,False
Grid_offline_ref,vadd,123,True,37,120,none,1.98,8,on-merges,False,True,True
Grid_offline_ref,vadd,124,True,31,105,none,1.64,8,on-merges,True,False,False
Grid_offline_ref,vadd,125,True,37,120,none,1.97,8,on-merges,True,False,True
Grid_offline_ref,vadd,126,True,31,105,none,1.64,8,on-merges,True,True,False
Grid_offline_ref,vadd,127,True,37,120,none,1.96,8,on-merges,True,True,True
Grid_offline_ref,vadd,128,True,31,103,none,2.07,8,fpga20,False,False,False
Grid_offline_ref,vadd,129,True,37,116,none,2.37,8,fpga20,False,False,True
Grid_offline_ref,vadd,130,True,31,103,none,2.04,8,fpga20,False,True,False
Grid_offline_ref,vadd,131,True,37,116,none,2.38,8,fpga20,False,True,True
Grid_offline_ref,vadd,132,True,31,103,none,2.06,8,fpga20,True,False,False
Grid_offline_ref,vadd,133,True,37,116,none,2.36,8,fpga20,True,False,True
Grid_offline_ref,vadd,134,True,31,103,none,2.06,8,fpga20,True,True,False
Grid_offline_ref,vadd,135,True,37,116,none,2.41,8,fpga20,True,True,True
Grid_offline_ref,vadd,136,True,32,105,none,2.23,8,fpl22,False,False,False
Grid_offline_ref,vadd,137,True,37,118,none,2.42,8,fpl22,False,False,True
Grid_offline_ref,vadd,138,True,32,105,none,2.19,8,fpl22,False,True,False
Grid_offline_ref,vadd,139,True,37,118,none,2.45,8,fpl22,False,True,True
Grid_offline_ref,vadd,140,True,32,105,none,2.16,8,fpl22,True,False,False
Grid_offline_ref,vadd,141,True,37,118,none,2.42,8,fpl22,True,False,True
Grid_offline_ref,vadd,142,True,32,105,none,2.16,8,fpl22,True,True,False
Grid_offline_ref,vadd,143,True,37,118,none,2.44,8,fpl22,True,True,True
Grid_offline_ref,vadd,144,True,31,105,none,1.61,10,on-merges,False,False,False
Grid_offline_ref,vadd,145,True,37,120,none,1.95,10,on-merges,False,False,True
Grid_offline_ref,vadd,146,True,31,105,none,1.65,10,on-merges,False,True,False
Grid_offline_ref,vadd,147,True,37,120,none,1.96,10,on-merges,False,True,True
Grid_offline_ref,vadd,148,True,31,105,none,1.63,10,on-merges,True,False,False
Grid_offline_ref,vadd,149,True,37,120,none,1.96,10,on-merges,True,False,True
Grid_offline_ref,vadd,150,True,31,105,none,1.62,10,on-merges,True,True,False
Grid_offline_ref,vadd,151,True,37,120,none,1.96,10,on-merges,True,True,True
Grid_offline_ref,vadd,152,True,31,103,none,2.07,10,fpga20,False,False,False
Grid_offline_ref,vadd,153,True,37,116,none,2.37,10,fpga20,False,False,True
Grid_offline_ref,vadd,154,True,31,103,none,2.08,10,fpga20,False,True,False
Grid_offline_ref,vadd,155,True,37,116,none,2.37,10,fpga20,False,True,True
Grid_offline_ref,vadd,156,True,31,103,none,2.06,10,fpga20,True,False,False
Grid_offline_ref,vadd,157,True,37,116,none,2.37,10,fpga20,True,False,True
Grid_offline_ref,vadd,158,True,31,103,none,2.04,10,fpga20,True,True,False
Grid_offline_ref,vadd,159,True,37,116,none,2.59,10,fpga20,True,True,True
Grid_offline_ref,vadd,160,True,32,105,none,2.1,10,fpl22,False,False,False
Grid_offline_ref,vadd,161,True,37,118,none,2.43,10,fpl22,False,False,True
Grid_offline_ref,vadd,162,True,32,105,none,2.11,10,fpl22,False,True,False
Grid_offline_ref,vadd,163,True,37,118,none,2.49,10,fpl22,False,True,True
Grid_offline_ref,vadd,164,True,32,105,none,2.1,10,fpl22,True,False,False
Grid_offline_ref,vadd,165,True,37,118,none,2.41,10,fpl22,True,False,True
Grid_offline_ref,vadd,166,True,32,105,none,2.17,10,fpl22,True,True,False
Grid_offline_ref,vadd,167,True,37,118,none,2.48,10,fpl22,True,True,True
Grid_offline_ref,vadd,168,True,31,105,none,1.67,12,on-merges,False,False,False
Grid_offline_ref,vadd,169,True,37,120,none,2.0,12,on-merges,False,False,True
Grid_offline_ref,vadd,170,True,31,105,none,1.65,12,on-merges,False,True,False
Grid_offline_ref,vadd,171,True,37,120,none,2.03,12,on-merges,False,True,True
Grid_offline_ref,vadd,172,True,31,105,none,1.66,12,on-merges,True,False,False
Grid_offline_ref,vadd,173,True,37,120,none,1.98,12,on-merges,True,False,True
Grid_offline_ref,vadd,174,True,31,105,none,1.66,12,on-merges,True,True,False
Grid_offline_ref,vadd,175,True,37,120,none,1.96,12,on-merges,True,True,True
Grid_offline_ref,vadd,176,True,31,103,none,2.07,12,fpga20,False,False,False
Grid_offline_ref,vadd,177,True,37,116,none,2.4,12,fpga20,False,False,True
Grid_offline_ref,vadd,178,True,31,103,none,2.09,12,fpga20,False,True,False
Grid_offline_ref,vadd,179,True,37,116,none,2.41,12,fpga20,False,True,True
Grid_offline_ref,vadd,180,True,31,103,none,2.04,12,fpga20,True,False,False
Grid_offline_ref,vadd,181,True,37,116,none,2.39,12,fpga20,True,False,True
Grid_offline_ref,vadd,182,True,31,103,none,2.06,12,fpga20,True,True,False
Grid_offline_ref,vadd,183,True,37,116,none,2.41,12,fpga20,True,True,True
Grid_offline_ref,vadd,184,True,32,105,none,2.12,12,fpl22,False,False,False
Grid_offline_ref,vadd,185,True,37,118,none,2.42,12,fpl22,False,False,True
Grid_offline_ref,vadd,186,True,32,105,none,2.11,12,fpl22,False,True,False
Grid_offline_ref,vadd,187,True,37,118,none,2.43,12,fpl22,False,True,True
Grid_offline_ref,vadd,188,True,32,105,none,2.11,12,fpl22,True,False,False
Grid_offline_ref,vadd,189,True,37,118,none,2.44,12,fpl22,True,False,True
Grid_offline_ref,vadd,190,True,32,105,none,2.12,12,fpl22,True,True,False
Grid_offline_ref,vadd,191,True,37,118,none,2.44,12,fpl22,True,True,True
Grid_offline_ref,fir,0,True,33,115,none,1.79,2,on-merges,False,False,False
Grid_offline_ref,fir,1,True,38,120,none,2.06,2,on-merges,False,False,True
Grid_offline_ref,fir,2,True,33,115,none,1.79,2,on-merges,False,True,False
Grid_offline_ref,fir,3,True,38,120,none,2.04,2,on-merges,False,True,True
Grid_offline_ref,fir,4,True,33,115,none,1.79,2,on-merges,True,False,False
Grid_offline_ref,fir,5,True,38,120,none,2.05,2,on-merges,True,False,True
Grid_offline_ref,fir,6,True,33,115,none,1.79,2,on-merges,True,True,False
Grid_offline_ref,fir,7,True,38,120,none,2.09,2,on-merges,True,True,True
Grid_offline_ref,fir,8,True,36,121,none,2.34,2,fpga20,False,False,False
Grid_offline_ref,fir,9,True,38,126,none,2.43,2,fpga20,False,False,True
Grid_offline_ref,fir,10,True,36,121,none,2.33,2,fpga20,False,True,False
Grid_offline_ref,fir,11,True,38,126,none,2.41,2,fpga20,False,True,True
Grid_offline_ref,fir,12,True,36,121,none,2.29,2,fpga20,True,False,False
Grid_offline_ref,fir,13,True,38,126,none,2.41,2,fpga20,True,False,True
Grid_offline_ref,fir,14,True,36,121,none,2.32,2,fpga20,True,True,False
Grid_offline_ref,fir,15,True,38,126,none,2.44,2,fpga20,True,True,True
Grid_offline_ref,fir,16,True,37,151,none,2.42,2,fpl22,False,False,False
Grid_offline_ref,fir,17,True,40,154,none,2.62,2,fpl22,False,False,True
Grid_offline_ref,fir,18,True,37,151,none,2.44,2,fpl22,False,True,False
Grid_offline_ref,fir,19,True,40,154,none,2.62,2,fpl22,False,True,True
Grid_offline_ref,fir,20,True,37,151,none,2.44,2,fpl22,True,False,False
Grid_offline_ref,fir,21,True,40,154,none,2.6,2,fpl22,True,False,True
Grid_offline_ref,fir,22,True,37,151,none,2.39,2,fpl22,True,True,False
Grid_offline_ref,fir,23,True,40,154,none,2.57,2,fpl22,True,True,True
Grid_offline_ref,fir,24,True,33,115,none,1.79,3,on-merges,False,False,False
Grid_offline_ref,fir,25,True,38,120,none,2.05,3,on-merges,False,False,True
Grid_offline_ref,fir,26,True,33,115,none,1.82,3,on-merges,False,True,False
Grid_offline_ref,fir,27,True,38,120,none,2.06,3,on-merges,False,True,True
Grid_offline_ref,fir,28,True,33,115,none,1.81,3,on-merges,True,False,False
Grid_offline_ref,fir,29,True,38,120,none,2.08,3,on-merges,True,False,True
Grid_offline_ref,fir,30,True,33,115,none,1.83,3,on-merges,True,True,False
Grid_offline_ref,fir,31,True,38,120,none,2.04,3,on-merges,True,True,True
Grid_offline_ref,fir,32,True,33,113,none,2.17,3,fpga20,False,False,False
Grid_offline_ref,fir,33,True,38,120,none,2.47,3,fpga20,False,False,True
Grid_offline_ref,fir,34,True,33,113,none,2.2,3,fpga20,False,True,False
Grid_offline_ref,fir,35,True,38,120,none,2.5,3,fpga20,False,True,True
Grid_offline_ref,fir,36,True,33,113,none,2.19,3,fpga20,True,False,False
Grid_offline_ref,fir,37,True,38,120,none,2.46,3,fpga20,True,False,True
Grid_offline_ref,fir,38,True,33,113,none,2.17,3,fpga20,True,True,False
Grid_offline_ref,fir,39,True,38,120,none,2.47,3,fpga20,True,True,True
Grid_offline_ref,fir,40,True,38,137,none,2.6,3,fpl22,False,False,False
Grid_offline_ref,fir,41,True,40,138,none,2.68,3,fpl22,False,False,True
Grid_offline_ref,fir,42,True,38,137,none,2.58,3,fpl22,False,True,False
Grid_offline_ref,fir,43,True,40,138,none,2.7,3,fpl22,False,True,True
Grid_offline_ref,fir,44,True,38,137,none,2.63,3,fpl22,True,False,False
Grid_offline_ref,fir,45,True,40,138,none,2.69,3,fpl22,True,False,True
Grid_offline_ref,fir,46,True,38,137,none,2.6,3,fpl22,True,True,False
Grid_offline_ref,fir,47,True,40,138,none,2.69,3,fpl22,True,True,True
Grid_offline_ref,fir,48,True,33,115,none,1.79,4,on-merges,False,False,False
Grid_offline_ref,fir,49,True,38,120,none,2.03,4,on-merges,False,False,True
Grid_offline_ref,fir,50,True,33,115,none,1.8,4,on-merges,False,True,False
Grid_offline_ref,fir,51,True,38,120,none,2.06,4,on-merges,False,True,True
Grid_offline_ref,fir,52,True,33,115,none,1.79,4,on-merges,True,False,False
Grid_offline_ref,fir,53,True,38,120,none,2.11,4,on-merges,True,False,True
Grid_offline_ref,fir,54,True,33,115,none,1.82,4,on-merges,True,True,False
Grid_offline_ref,fir,55,True,38,120,none,2.06,4,on-merges,True,True,True
Grid_offline_ref,fir,56,True,35,115,none,2.37,4,fpga20,False,False,False
Grid_offline_ref,fir,57,True,38,118,none,2.49,4,fpga20,False,False,True
Grid_offline_ref,fir,58,True,35,115,none,2.34,4,fpga20,False,True,False
Grid_offline_ref,fir,59,True,38,118,none,2.47,4,fpga20,False,True,True
Grid_offline_ref,fir,60,True,35,115,none,2.35,4,fpga20,True,False,False
Grid_offline_ref,fir,61,True,38,118,none,2.49,4,fpga20,True,False,True
Grid_offline_ref,fir,62,True,35,115,none,2.39,4,fpga20,True,True,False
Grid_offline_ref,fir,63,True,38,118,none,2.46,4,fpga20,True,True,True
Grid_offline_ref,fir,64,True,37,129,none,2.69,4,fpl22,False,False,False
Grid_offline_ref,fir,65,True,40,130,none,2.86,4,fpl22,False,False,True
Grid_offline_ref,fir,66,True,37,129,none,2.7,4,fpl22,False,True,False
Grid_offline_ref,fir,67,True,40,130,none,2.82,4,fpl22,False,True,True
Grid_offline_ref,fir,68,True,37,129,none,2.72,4,fpl22,True,False,False
Grid_offline_ref,fir,69,True,40,130,none,2.83,4,fpl22,True,False,True
Grid_offline_ref,fir,70,True,37,129,none,2.69,4,fpl22,True,True,False
Grid_offline_ref,fir,71,True,40,130,none,2.82,4,fpl22,True,True,True
Grid_offline_ref,fir,72,True,33,115,none,1.79,5,on-merges,False,False,False
Grid_offline_ref,fir,73,True,38,120,none,2.06,5,on-merges,False,False,True
Grid_offline_ref,fir,74,True,33,115,none,1.81,5,on-merges,False,True,False
Grid_offline_ref,fir,75,True,38,120,none,2.07,5,on-merges,False,True,True
Grid_offline_ref,fir,76,True,33,115,none,1.79,5,on-merges,True,False,False
Grid_offline_ref,fir,77,True,38,120,none,2.06,5,on-merges,True,False,True
Grid_offline_ref,fir,78,True,33,115,none,1.83,5,on-merges,True,True,False
Grid_offline_ref,fir,79,True,38,120,none,2.06,5,on-merges,True,True,True
Grid_offline_ref,fir,80,True,33,111,none,2.18,5,fpga20,False,False,False
Grid_offline_ref,fir,81,True,38,118,none,2.45,5,fpga20,False,False,True
Grid_offline_ref,fir,82,True,33,111,none,2.14,5,fpga20,False,True,False
Grid_offline_ref,fir,83,True,38,118,none,2.41,5,fpga20,False,True,True
Grid_offline_ref,fir,84,True,33,111,none,2.15,5,fpga20,True,False,False
Grid_offline_ref,fir,85,True,38,118,none,2.44,5,fpga20,True,False,True
Grid_offline_ref,fir,86,True,33,111,none,2.16,5,fpga20,True,True,False
Grid_offline_ref,fir,87,True,38,118,none,2.75,5,fpga20,True,True,True
Grid_offline_ref,fir,88,True,38,123,none,2.72,5,fpl22,False,False,False
Grid_offline_ref,fir,89,True,38,122,none,2.71,5,fpl22,False,False,True
Grid_offline_ref,fir,90,True,38,123,none,2.7,5,fpl22,False,True,False
Grid_offline_ref,fir,91,True,38,122,none,2.72,5,fpl22,False,True,True
Grid_offline_ref,fir,92,True,38,123,none,2.7,5,fpl22,True,False,False
Grid_offline_ref,fir,93,True,38,122,none,2.72,5,fpl22,True,False,True
Grid_offline_ref,fir,94,True,38,123,none,2.73,5,fpl22,True,True,False
Grid_offline_ref,fir,95,True,38,122,none,2.76,5,fpl22,True,True,True
Grid_offline_ref,fir,96,True,33,115,none,1.78,6,on-merges,False,False,False
Grid_offline_ref,fir,97,True,38,120,none,2.06,6,on-merges,False,False,True
Grid_offline_ref,fir,98,True,33,115,none,1.79,6,on-merges,False,True,False
Grid_offline_ref,fir,99,True,38,120,none,2.07,6,on-merges,False,True,True
Grid_offline_ref,fir,100,True,33,115,none,1.79,6,on-merges,True,False,False
Grid_offline_ref,fir,101,True,38,120,none,2.06,6,on-merges,True,False,True
Grid_offline_ref,fir,102,True,33,115,none,1.81,6,on-merges,True,True,False
Grid_offline_ref,fir,103,True,38,120,none,2.04,6,on-merges,True,True,True
Grid_offline_ref,fir,104,True,33,111,none,2.18,6,fpga20,False,False,False
Grid_offline_ref,fir,105,True,38,116,none,2.49,6,fpga20,False,False,True
Grid_offline_ref,fir,106,True,33,111,none,2.15,6,fpga20,False,True,False
Grid_offline_ref,fir,107,True,38,116,none,2.56,6,fpga20,False,True,True
Grid_offline_ref,fir,108,True,33,111,none,2.22,6,fpga20,True,False,False
Grid_offline_ref,fir,109,True,38,116,none,2.5,6,fpga20,True,False,True
Grid_offline_ref,fir,110,True,33,111,none,2.19,6,fpga20,True,True,False
Grid_offline_ref,fir,111,True,38,116,none,2.5,6,fpga20,True,True,True
Grid_offline_ref,fir,112,True,36,117,none,2.47,6,fpl22,False,False,False
Grid_offline_ref,fir,113,True,40,122,none,2.82,6,fpl22,False,False,True
Grid_offline_ref,fir,114,True,36,117,none,2.47,6,fpl22,False,True,False
Grid_offline_ref,fir,115,True,40,122,none,2.84,6,fpl22,False,True,True
Grid_offline_ref,fir,116,True,36,117,none,2.47,6,fpl22,True,False,False
Grid_offline_ref,fir,117,True,40,122,none,2.79,6,fpl22,True,False,True
Grid_offline_ref,fir,118,True,36,117,none,2.44,6,fpl22,True,True,False
Grid_offline_ref,fir,119,True,40,122,none,2.8,6,fpl22,True,True,True
Grid_offline_ref,fir,120,True,33,115,none,1.81,8,on-merges,False,False,False
Grid_offline_ref,fir,121,True,38,120,none,2.04,8,on-merges,False,False,True
Grid_offline_ref,fir,122,True,33,115,none,1.79,8,on-merges,False,True,False
Grid_offline_ref,fir,123,True,38,120,none,2.06,8,on-merges,False,True,True
Grid_offline_ref,fir,124,True,33,115,none,1.78,8,on-merges,True,False,False
Grid_offline_ref,fir,125,True,38,120,none,2.07,8,on-merges,True,False,True
Grid_offline_ref,fir,126,True,33,115,none,1.8,8,on-merges,True,True,False
Grid_offline_ref,fir,127,True,38,120,none,2.05,8,on-merges,True,True,True
Grid_offline_ref,fir,128,True,33,111,none,2.14,8,fpga20,False,False,False
Grid_offline_ref,fir,129,True,38,116,none,2.47,8,fpga20,False,False,True
Grid_offline_ref,fir,130,True,33,111,none,2.21,8,fpga20,False,True,False
Grid_offline_ref,fir,131,True,38,116,none,2.51,8,fpga20,False,True,True
Grid_offline_ref,fir,132,True,33,111,none,2.17,8,fpga20,True,False,False
Grid_offline_ref,fir,133,True,38,116,none,2.5,8,fpga20,True,False,True
Grid_offline_ref,fir,134,True,33,111,none,2.19,8,fpga20,True,True,False
Grid_offline_ref,fir,135,True,38,116,none,2.55,8,fpga20,True,True,True
Grid_offline_ref,fir,136,True,34,113,none,2.27,8,fpl22,False,False,False
Grid_offline_ref,fir,137,True,38,118,none,2.57,8,fpl22,False,False,True
Grid_offline_ref,fir,138,True,34,113,none,2.25,8,fpl22,False,True,False
Grid_offline_ref,fir,139,True,38,118,none,2.58,8,fpl22,False,True,True
Grid_offline_ref,fir,140,True,34,113,none,2.27,8,fpl22,True,False,False
Grid_offline_ref,fir,141,True,38,118,none,2.58,8,fpl22,True,False,True
Grid_offline_ref,fir,142,True,34,113,none,2.25,8,fpl22,True,True,False
Grid_offline_ref,fir,143,True,38,118,none,2.6,8,fpl22,True,True,True
Grid_offline_ref,fir,144,True,33,115,none,1.8,10,on-merges,False,False,False
Grid_offline_ref,fir,145,True,38,120,none,2.06,10,on-merges,False,False,True
Grid_offline_ref,fir,146,True,33,115,none,1.78,10,on-merges,False,True,False
Grid_offline_ref,fir,147,True,38,120,none,2.07,10,on-merges,False,True,True
Grid_offline_ref,fir,148,True,33,115,none,1.8,10,on-merges,True,False,False
Grid_offline_ref,fir,149,True,38,120,none,2.08,10,on-merges,True,False,True
Grid_offline_ref,fir,150,True,33,115,none,1.81,10,on-merges,True,True,False
Grid_offline_ref,fir,151,True,38,120,none,2.06,10,on-merges,True,True,True
Grid_offline_ref,fir,152,True,33,111,none,2.16,10,fpga20,False,False,False
Grid_offline_ref,fir,153,True,38,116,none,2.53,10,fpga20,False,False,True
Grid_offline_ref,fir,154,True,33,111,none,2.15,10,fpga20,False,True,False
Grid_offline_ref,fir,155,True,38,116,none,2.46,10,fpga20,False,True,True
Grid_offline_ref,fir,156,True,33,111,none,2.15,10,fpga20,True,False,False
Grid_offline_ref,fir,157,True,38,116,none,2.48,10,fpga20,True,False,True
Grid_offline_ref,fir,158,True,33,111,none,2.16,10,fpga20,True,True,False
Grid_offline_ref,fir,159,True,38,116,none,2.5,10,fpga20,True,True,True
Grid_offline_ref,fir,160,True,36,117,none,2.33,10,fpl22,False,False,False
Grid_offline_ref,fir,161,True,38,118,none,2.54,10,fpl22,False,False,True
Grid_offline_ref,fir,162,True,36,117,none,2.3,10,fpl22,False,True,False
Grid_offline_ref,fir,163,True,38,118,none,2.53,10,fpl22,False,True,True
Grid_offline_ref,fir,164,True,36,117,none,2.37,10,fpl22,True,False,False
Grid_offline_ref,fir,165,True,38,118,none,2.51,10,fpl22,True,False,True
Grid_offline_ref,fir,166,True,36,117,none,2.32,10,fpl22,True,True,False
Grid_offline_ref,fir,167,True,38,118,none,2.51,10,fpl22,True,True,True
Grid_offline_ref,fir,168,True,33,115,none,1.77,12,on-merges,False,False,False
Grid_offline_ref,fir,169,True,38,120,none,2.03,12,on-merges,False,False,True
Grid_offline_ref,fir,170,True,33,115,none,1.76,12,on-merges,False,True,False
Grid_offline_ref,fir,171,True,38,120,none,2.02,12,on-merges,False,True,True
Grid_offline_ref,fir,172,True,33,115,none,1.8,12,on-merges,True,False,False
Grid_offline_ref,fir,173,True,38,120,none,2.05,12,on-merges,True,False,True
Grid_offline_ref,fir,174,True,33,115,none,1.79,12,on-merges,True,True,False
Grid_offline_ref,fir,175,True,38,120,none,2.07,12,on-merges,True,True,True
Grid_offline_ref,fir,176,True,34,111,none,2.19,12,fpga20,False,False,False
Grid_offline_ref,fir,177,True,38,116,none,2.49,12,fpga20,False,False,True
Grid_offline_ref,fir,178,True,34,111,none,2.18,12,fpga20,False,True,False
Grid_offline_ref,fir,179,True,38,116,none,2.48,12,fpga20,False,True,True
Grid_offline_ref,fir,180,True,34,111,none,2.21,12,fpga20,True,False,False
Grid_offline_ref,fir,181,True,38,116,none,2.5,12,fpga20,True,False,True
Grid_offline_ref,fir,182,True,34,111,none,2.19,12,fpga20,True,True,False
Grid_offline_ref,fir,183,True,38,116,none,2.51,12,fpga20,True,True,True
Grid_offline_ref,fir,184,True,36,115,none,2.43,12,fpl22,False,False,False
Grid_offline_ref,fir,185,True,38,118,none,2.65,12,fpl22,False,False,True
Grid_offline_ref,fir,186,True,36,115,none,2.39,12,fpl22,False,True,False
Grid_offline_ref,fir,187,True,38,118,none,2.6,12,fpl22,False,True,True
Grid_offline_ref,fir,188,True,36,115,none,2.33,12,fpl22,True,False,False
Grid_offline_ref,fir,189,True,38,118,none,2.59,12,fpl22,True,False,True
Grid_offline_ref,fir,190,True,36,115,none,2.32,12,fpl22,True,True,False
Grid_offline_ref,fir,191,True,38,118,none,2.6,12,fpl22,True,True,True
Grid_offline_ref,histogram,0,True,43,146,none,2.13,2,on-merges,False,False,False
Grid_offline_ref,histogram,1,True,44,162,none,2.3,2,on-merges,False,False,True
Grid_offline_ref,histogram,2,True,42,141,none,2.09,2,on-merges,False,True,False
Grid_offline_ref,histogram,3,True,43,157,none,2.27,2,on-merges,False,True,True
Grid_offline_ref,histogram,4,True,43,146,none,2.1,2,on-merges,True,False,False
Grid_offline_ref,histogram,5,True,44,162,none,2.3,2,on-merges,True,False,True
Grid_offline_ref,histogram,6,True,42,141,none,2.11,2,on-merges,True,True,False
Grid_offline_ref,histogram,7,True,43,157,none,2.28,2,on-merges,True,True,True
Grid_offline_ref,histogram,8,True,47,160,none,2.78,2,fpga20,False,False,False
Grid_offline_ref,histogram,9,True,47,176,none,2.92,2,fpga20,False,False,True
Grid_offline_ref,histogram,10,True,44,151,none,2.79,2,fpga20,False,True,False
Grid_offline_ref,histogram,11,True,43,165,none,2.71,2,fpga20,False,True,True
Grid_offline_ref,histogram,12,True,47,160,none,2.74,2,fpga20,True,False,False
Grid_offline_ref,histogram,13,True,47,176,none,3.16,2,fpga20,True,False,True
Grid_offline_ref,histogram,14,True,44,151,none,2.77,2,fpga20,True,True,False
Grid_offline_ref,histogram,15,True,43,165,none,2.75,2,fpga20,True,True,True
Grid_offline_ref,histogram,16,True,49,182,none,2.97,2,fpl22,False,False,False
Grid_offline_ref,histogram,17,True,46,186,none,2.9,2,fpl22,False,False,True
Grid_offline_ref,histogram,18,True,48,179,none,2.89,2,fpl22,False,True,False
Grid_offline_ref,histogram,19,True,44,181,none,2.87,2,fpl22,False,True,True
Grid_offline_ref,histogram,20,True,49,182,none,2.94,2,fpl22,True,False,False
Grid_offline_ref,histogram,21,True,46,186,none,2.88,2,fpl22,True,False,True
Grid_offline_ref,histogram,22,True,48,179,none,2.89,2,fpl22,True,True,False
Grid_offline_ref,histogram,23,True,44,181,none,2.86,2,fpl22,True,True,True
Grid_offline_ref,histogram,24,True,43,146,none,2.12,3,on-merges,False,False,False
Grid_offline_ref,histogram,25,True,44,162,none,2.3,3,on-merges,False,False,True
Grid_offline_ref,histogram,26,True,42,141,none,2.07,3,on-merges,False,True,False
Grid_offline_ref,histogram,27,True,43,157,none,2.26,3,on-merges,False,True,True
Grid_offline_ref,histogram,28,True,43,146,none,2.13,3,on-merges,True,False,False
Grid_offline_ref,histogram,29,True,44,162,none,2.27,3,on-merges,True,False,True
Grid_offline_ref,histogram,30,True,42,141,none,2.09,3,on-merges,True,True,False
Grid_offline_ref,histogram,31,True,43,157,none,2.3,3,on-merges,True,True,True
Grid_offline_ref,histogram,32,True,46,154,none,2.74,3,fpga20,False,False,False
Grid_offline_ref,histogram,33,True,47,170,none,2.88,3,fpga20,False,False,True
Grid_offline_ref,histogram,34,True,43,143,none,2.66,3,fpga20,False,True,False
Grid_offline_ref,histogram,35,True,43,159,none,2.7,3,fpga20,False,True,True
Grid_offline_ref,histogram,36,True,46,154,none,2.77,3,fpga20,True,False,False
Grid_offline_ref,histogram,37,True,47,170,none,2.82,3,fpga20,True,False,True
Grid_offline_ref,histogram,38,True,43,143,none,2.76,3,fpga20,True,True,False
Grid_offline_ref,histogram,39,True,43,159,none,2.75,3,fpga20,True,True,True
Grid_offline_ref,histogram,40,True,47,166,none,3.09,3,fpl22,False,False,False
Grid_offline_ref,histogram,41,True,46,172,none,3.05,3,fpl22,False,False,True
Grid_offline_ref,histogram,42,True,46,163,none,2.98,3,fpl22,False,True,False
Grid_offline_ref,histogram,43,True,43,167,none,2.85,3,fpl22,False,True,True
Grid_offline_ref,histogram,44,True,47,166,none,3.08,3,fpl22,True,False,False
Grid_offline_ref,histogram,45,True,46,172,none,2.96,3,fpl22,True,False,True
Grid_offline_ref,histogram,46,True,46,163,none,2.98,3,fpl22,True,True,False
Grid_offline_ref,histogram,47,True,43,167,none,2.81,3,fpl22,True,True,True
Grid_offline_ref,histogram,48,True,43,146,none,2.12,4,on-merges,False,False,False
Grid_offline_ref,histogram,49,True,44,162,none,2.27,4,on-merges,False,False,True
Grid_offline_ref,histogram,50,True,42,141,none,2.1,4,on-merges,False,True,False
Grid_offline_ref,histogram,51,True,43,157,none,2.27,4,on-merges,False,True,True
Grid_offline_ref,histogram,52,True,43,146,none,2.12,4,on-merges,True,False,False
Grid_offline_ref,histogram,53,True,44,162,none,2.26,4,on-merges,True,False,True
Grid_offline_ref,histogram,54,True,42,141,none,2.09,4,on-merges,True,True,False
Grid_offline_ref,histogram,55,True,43,157,none,2.26,4,on-merges,True,True,True
Grid_offline_ref,histogram,56,True,46,152,none,2.72,4,fpga20,False,False,False
Grid_offline_ref,histogram,57,True,47,168,none,2.85,4,fpga20,False,False,True
Grid_offline_ref,histogram,58,True,43,143,none,2.68,4,fpga20,False,True,False
Grid_offline_ref,histogram,59,True,43,157,none,2.74,4,fpga20,False,True,True
Grid_offline_ref,histogram,60,True,46,152,none,2.7,4,fpga20,True,False,False
Grid_offline_ref,histogram,61,True,47,168,none,2.95,4,fpga20,True,False,True
Grid_offline_ref,histogram,62,True,43,143,none,2.73,4,fpga20,True,True,False
Grid_offline_ref,histogram,63,True,43,157,none,2.72,4,fpga20,True,True,True
Grid_offline_ref,histogram,64,True,50,158,none,3.04,4,fpl22,False,False,False
Grid_offline_ref,histogram,65,True,47,168,none,3.01,4,fpl22,False,False,True
Grid_offline_ref,histogram,66,True,48,155,none,3.05,4,fpl22,False,True,False
Grid_offline_ref,histogram,67,True,45,163,none,3.05,4,fpl22,False,True,True
Grid_offline_ref,histogram,68,True,50,158,none,3.05,4,fpl22,True,False,False
Grid_offline_ref,histogram,69,True,47,168,none,2.97,4,fpl22,True,False,True
Grid_offline_ref,histogram,70,True,48,155,none,3.02,4,fpl22,True,True,False
Grid_offline_ref,histogram,71,True,45,163,none,2.94,4,fpl22,True,True,True
Grid_offline_ref,histogram,72,True,43,146,none,2.11,5,on-merges,False,False,False
Grid_offline_ref,histogram,73,True,44,162,none,2.26,5,on-merges,False,False,True
Grid_offline_ref,histogram,74,True,42,141,none,2.09,5,on-merges,False,True,False
Grid_offline_ref,histogram,75,True,43,157,none,2.25,5,on-merges,False,True,True
Grid_offline_ref,histogram,76,True,43,146,none,2.11,5,on-merges,True,False,False
Grid_offline_ref,histogram,77,True,44,162,none,2.27,5,on-merges,True,False,True
Grid_offline_ref,histogram,78,True,42,141,none,2.07,5,on-merges,True,True,False
Grid_offline_ref,histogram,79,True,43,157,none,2.26,5,on-merges,True,True,True
Grid_offline_ref,histogram,80,True,46,150,none,2.7,5,fpga20,False,False,False
Grid_offline_ref,histogram,81,True,47,166,none,2.85,5,fpga20,False,False,True
Grid_offline_ref,histogram,82,True,43,141,none,2.61,5,fpga20,False,True,False
Grid_offline_ref,histogram,83,True,43,155,none,2.65,5,fpga20,False,True,True
Grid_offline_ref,histogram,84,True,46,150,none,2.72,5,fpga20,True,False,False
Grid_offline_ref,histogram,85,True,47,166,none,2.9,5,fpga20,True,False,True
Grid_offline_ref,histogram,86,True,43,141,none,2.64,5,fpga20,True,True,False
Grid_offline_ref,histogram,87,True,43,155,none,2.7,5,fpga20,True,True,True
Grid_offline_ref,histogram,88,True,47,152,none,3.08,5,fpl22,False,False,False
Grid_offline_ref,histogram,89,True,47,166,none,3.03,5,fpl22,False,False,True
Grid_offline_ref,histogram,90,True,46,149,none,3.06,5,fpl22,False,True,False
Grid_offline_ref,histogram,91,True,43,159,none,3.0,5,fpl22,False,True,True
Grid_offline_ref,histogram,92,True,47,152,none,3.09,5,fpl22,True,False,False
Grid_offline_ref,histogram,93,True,47,166,none,3.05,5,fpl22,True,False,True
Grid_offline_ref,histogram,94,True,46,149,none,2.97,5,fpl22,True,True,False
Grid_offline_ref,histogram,95,True,43,159,none,2.97,5,fpl22,True,True,True
Grid_offline_ref,histogram,96,True,43,146,none,2.1,6,on-merges,False,False,False
Grid_offline_ref,histogram,97,True,44,162,none,2.27,6,on-merges,False,False,True
Grid_offline_ref,histogram,98,True,42,141,none,2.14,6,on-merges,False,True,False
Grid_offline_ref,histogram,99,True,43,157,none,2.27,6,on-merges,False,True,True
Grid_offline_ref,histogram,100,True,43,146,none,2.11,6,on-merges,True,False,False
Grid_offline_ref,histogram,101,True,44,162,none,2.29,6,on-merges,True,False,True
Grid_offline_ref,histogram,102,True,42,141,none,2.09,6,on-merges,True,True,False
Grid_offline_ref,histogram,103,True,43,157,none,2.28,6,on-merges,True,True,True
Grid_offline_ref,histogram,104,True,46,150,none,2.66,6,fpga20,False,False,False
Grid_offline_ref,histogram,105,True,47,166,none,2.85,6,fpga20,False,False,True
Grid_offline_ref,histogram,106,True,43,141,none,2.61,6,fpga20,False,True,False
Grid_offline_ref,histogram,107,True,43,155,none,2.77,6,fpga20,False,True,True
Grid_offline_ref,histogram,108,True,46,150,none,2.67,6,fpga20,True,False,False
Grid_offline_ref,histogram,109,True,47,166,none,2.89,6,fpga20,True,False,True
Grid_offline_ref,histogram,110,True,43,141,none,2.63,6,fpga20,True,True,False
Grid_offline_ref,histogram,111,True,43,155,none,2.72,6,fpga20,True,True,True
Grid_offline_ref,histogram,112,True,47,150,none,2.84,6,fpl22,False,False,False
Grid_offline_ref,histogram,113,True,47,164,none,2.96,6,fpl22,False,False,True
Grid_offline_ref,histogram,114,True,45,149,none,2.97,6,fpl22,False,True,False
Grid_offline_ref,histogram,115,True,44,157,none,3.23,6,fpl22,False,True,True
Grid_offline_ref,histogram,116,True,47,150,none,2.86,6,fpl22,True,False,False
Grid_offline_ref,histogram,117,True,47,164,none,2.98,6,fpl22,True,False,True
Grid_offline_ref,histogram,118,True,45,149,none,2.96,6,fpl22,True,True,False
Grid_offline_ref,histogram,119,True,44,157,none,2.99,6,fpl22,True,True,True
Grid_offline_ref,histogram,120,True,43,146,none,2.12,8,on-merges,False,False,False
Grid_offline_ref,histogram,121,True,44,162,none,2.28,8,on-merges,False,False,True
Grid_offline_ref,histogram,122,True,42,141,none,2.1,8,on-merges,False,True,False
Grid_offline_ref,histogram,123,True,43,157,none,2.28,8,on-merges,False,True,True
Grid_offline_ref,histogram,124,True,43,146,none,2.1,8,on-merges,True,False,False
Grid_offline_ref,histogram,125,True,44,162,none,2.26,8,on-merges,True,False,True
Grid_offline_ref,histogram,126,True,42,141,none,2.09,8,on-merges,True,True,False
Grid_offline_ref,histogram,127,True,43,157,none,2.28,8,on-merges,True,True,True
Grid_offline_ref,histogram,128,True,46,150,none,2.72,8,fpga20,False,False,False
Grid_offline_ref,histogram,129,True,47,164,none,2.9,8,fpga20,False,False,True
Grid_offline_ref,histogram,130,True,43,141,none,2.67,8,fpga20,False,True,False
Grid_offline_ref,histogram,131,True,43,153,none,2.71,8,fpga20,False,True,True
Grid_offline_ref,histogram,132,True,46,150,none,2.68,8,fpga20,True,False,False
Grid_offline_ref,histogram,133,True,47,164,none,2.85,8,fpga20,True,False,True
Grid_offline_ref,histogram,134,True,43,141,none,2.66,8,fpga20,True,True,False
Grid_offline_ref,histogram,135,True,43,153,none,2.68,8,fpga20,True,True,True
Grid_offline_ref,histogram,136,True,49,156,none,2.88,8,fpl22,False,False,False
Grid_offline_ref,histogram,137,True,46,164,none,2.91,8,fpl22,False,False,True
Grid_offline_ref,histogram,138,True,45,145,none,2.78,8,fpl22,False,True,False
Grid_offline_ref,histogram,139,True,43,155,none,2.81,8,fpl22,False,True,True
Grid_offline_ref,histogram,140,True,49,156,none,2.91,8,fpl22,True,False,False
Grid_offline_ref,histogram,141,True,46,164,none,2.9,8,fpl22,True,False,True
Grid_offline_ref,histogram,142,True,45,145,none,2.76,8,fpl22,True,True,False
Grid_offline_ref,histogram,143,True,43,155,none,2.78,8,fpl22,True,True,True
Grid_offline_ref,histogram,144,True,43,146,none,2.11,10,on-merges,False,False,False
Grid_offline_ref,histogram,145,True,44,162,none,2.28,10,on-merges,False,False,True
Grid_offline_ref,histogram,146,True,42,141,none,2.09,10,on-merges,False,True,False
Grid_offline_ref,histogram,147,True,43,157,none,2.26,10,on-merges,False,True,True
Grid_offline_ref,histogram,148,True,43,146,none,2.1,10,on-merges,True,False,False
Grid_offline_ref,histogram,149,True,44,162,none,2.29,10,on-merges,True,False,True
Grid_offline_ref,histogram,150,True,42,141,none,2.08,10,on-merges,True,True,False
Grid_offline_ref,histogram,151,True,43,157,none,2.26,10,on-merges,True,True,True
Grid_offline_ref,histogram,152,True,46,150,none,2.73,10,fpga20,False,False,False
Grid_offline_ref,histogram,153,True,47,164,none,2.92,10,fpga20,False,False,True
Grid_offline_ref,histogram,154,True,43,141,none,2.62,10,fpga20,False,True,False
Grid_offline_ref,histogram,155,True,43,153,none,2.77,10,fpga20,False,True,True
Grid_offline_ref,histogram,156,True,46,150,none,3.09,10,fpga20,True,False,False
Grid_offline_ref,histogram,157,True,47,164,none,2.9,10,fpga20,True,False,True
Grid_offline_ref,histogram,158,True,43,141,none,2.62,10,fpga20,True,True,False
Grid_offline_ref,histogram,159,True,43,153,none,2.67,10,fpga20,True,True,True
Grid_offline_ref,histogram,160,True,46,150,none,2.88,10,fpl22,False,False,False
Grid_offline_ref,histogram,161,True,46,164,none,2.91,10,fpl22,False,False,True
Grid_offline_ref,histogram,162,True,45,149,none,2.77,10,fpl22,False,True,False
Grid_offline_ref,histogram,163,True,43,155,none,2.79,10,fpl22,False,True,True
Grid_offline_ref,histogram,164,True,46,150,none,2.73,10,fpl22,True,False,False
Grid_offline_ref,histogram,165,True,46,164,none,2.93,10,fpl22,True,False,True
Grid_offline_ref,histogram,166,True,45,149,none,2.76,10,fpl22,True,True,False
Grid_offline_ref,histogram,167,True,43,155,none,2.79,10,fpl22,True,True,True
Grid_offline_ref,histogram,168,True,43,146,none,2.16,12,on-merges,False,False,False
Grid_offline_ref,histogram,169,True,44,162,none,2.29,12,on-merges,False,False,True
Grid_offline_ref,histogram,170,True,42,141,none,2.1,12,on-merges,False,True,False
Grid_offline_ref,histogram,171,True,43,157,none,2.26,12,on-merges,False,True,True
Grid_offline_ref,histogram,172,True,43,146,none,2.13,12,on-merges,True,False,False
Grid_offline_ref,histogram,173,True,44,162,none,2.27,12,on-merges,True,False,True
Grid_offline_ref,histogram,174,True,42,141,none,2.09,12,on-merges,True,True,False
Grid_offline_ref,histogram,175,True,43,157,none,2.28,12,on-merges,True,True,True
Grid_offline_ref,histogram,176,True,46,150,none,2.74,12,fpga20,False,False,False
Grid_offline_ref,histogram,177,True,47,164,none,2.94,12,fpga20,False,False,True
Grid_offline_ref,histogram,178,True,43,141,none,2.67,12,fpga20,False,True,False
Grid_offline_ref,histogram,179,True,43,153,none,2.69,12,fpga20,False,True,True
Grid_offline_ref,histogram,180,True,46,150,none,2.68,12,fpga20,True,False,False
Grid_offline_ref,histogram,181,True,47,164,none,2.89,12,fpga20,True,False,True
Grid_offline_ref,histogram,182,True,43,141,none,2.65,12,fpga20,True,True,False
Grid_offline_ref,histogram,183,True,43,153,none,2.7,12,fpga20,True,True,True
Grid_offline_ref,histogram,184,True,46,150,none,2.7,12,fpl22,False,False,False
Grid_offline_ref,histogram,185,True,46,164,none,3.0,12,fpl22,False,False,True
Grid_offline_ref,histogram,186,True,45,145,none,2.72,12,fpl22,False,True,False
Grid_offline_ref,histogram,187,True,43,155,none,2.84,12,fpl22,False,True,True
Grid_offline_ref,histogram,188,True,46,150,none,2.71,12,fpl22,True,False,False
Grid_offline_ref,histogram,189,True,46,164,none,2.98,12,fpl22,True,False,True
Grid_offline_ref,histogram,190,True,45,145,none,2.81,12,fpl22,True,True,False
Grid_offline_ref,histogram,191,True,43,155,none,2.84,12,fpl22,True,True,True
Grid_offline_ref,atax,0,True,49,413,none,2.93,2,on-merges,False,False,False
Grid_offline_ref,atax,1,True,54,389,none,3.26,2,on-merges,False,False,True
Grid_offline_ref,atax,2,True,48,408,none,3.01,2,on-merges,False,True,False
Grid_offline_ref,atax,3,True,53,384,none,3.44,2,on-merges,False,True,True
Grid_offline_ref,atax,4,True,51,419,none,2.85,2,on-merges,True,False,False
Grid_offline_ref,atax,5,True,56,395,none,3.25,2,on-merges,True,False,True
Grid_offline_ref,atax,6,True,50,414,none,2.77,2,on-merges,True,True,False
Grid_offline_ref,atax,7,True,55,390,none,3.2,2,on-merges,True,True,True
Grid_offline_ref,atax,8,True,57,441,none,53.88,2,fpga20,False,False,False
Grid_offline_ref,atax,9,False,,,buffer_placement_failed,0.52,2,fpga20,False,False,True
Grid_offline_ref,atax,10,True,56,436,none,55.63,2,fpga20,False,True,False
Grid_offline_ref,atax,11,False,,,buffer_placement_failed,0.51,2,fpga20,False,True,True
Grid_offline_ref,atax,12,True,59,447,none,50.87,2,fpga20,True,False,False
Grid_offline_ref,atax,13,False,,,buffer_placement_failed,0.52,2,fpga20,True,False,True
Grid_offline_ref,atax,14,True,58,442,none,55.47,2,fpga20,True,True,False
Grid_offline_ref,atax,15,False,,,buffer_placement_failed,0.52,2,fpga20,True,True,True
Grid_offline_ref,atax,16,True,60,585,none,18.35,2,fpl22,False,False,False
Grid_offline_ref,atax,17,False,,,buffer_placement_failed,0.52,2,fpl22,False,False,True
Grid_offline_ref,atax,18,True,59,582,none,18.67,2,fpl22,False,True,False
Grid_offline_ref,atax,19,False,,,buffer_placement_failed,0.52,2,fpl22,False,True,True
Grid_offline_ref,atax,20,True,62,591,none,18.7,2,fpl22,True,False,False
Grid_offline_ref,atax,21,False,,,buffer_placement_failed,0.52,2,fpl22,True,False,True
Grid_offline_ref,atax,22,True,61,588,none,18.35,2,fpl22,True,True,False
Grid_offline_ref,atax,23,False,,,buffer_placement_failed,0.53,2,fpl22,True,True,True
Grid_offline_ref,atax,24,True,49,413,none,2.92,3,on-merges,False,False,False
Grid_offline_ref,atax,25,True,54,389,none,3.3,3,on-merges,False,False,True
Grid_offline_ref,atax,26,True,48,408,none,3.04,3,on-merges,False,True,False
Grid_offline_ref,atax,27,True,53,384,none,3.46,3,on-merges,False,True,True
Grid_offline_ref,atax,28,True,51,419,none,2.89,3,on-merges,True,False,False
Grid_offline_ref,atax,29,True,56,395,none,3.26,3,on-merges,True,False,True
Grid_offline_ref,atax,30,True,50,414,none,2.81,3,on-merges,True,True,False
Grid_offline_ref,atax,31,True,55,390,none,3.26,3,on-merges,True,True,True
Grid_offline_ref,atax,32,False,,,timeout,120.1,3,fpga20,False,False,False
Grid_offline_ref,atax,33,False,,,buffer_placement_failed,0.51,3,fpga20,False,False,True
Grid_offline_ref,atax,34,False,,,timeout,120.1,3,fpga20,False,True,False
Grid_offline_ref,atax,35,False,,,buffer_placement_failed,0.52,3,fpga20,False,True,True
Grid_offline_ref,atax,36,False,,,timeout,120.1,3,fpga20,True,False,False
Grid_offline_ref,atax,37,False,,,buffer_placement_failed,0.51,3,fpga20,True,False,True
Grid_offline_ref,atax,38,False,,,timeout,120.1,3,fpga20,True,True,False
Grid_offline_ref,atax,39,False,,,buffer_placement_failed,0.52,3,fpga20,True,True,True
Grid_offline_ref,atax,40,True,59,523,none,20.67,3,fpl22,False,False,False
Grid_offline_ref,atax,41,False,,,buffer_placement_failed,0.52,3,fpl22,False,False,True
Grid_offline_ref,atax,42,True,60,524,none,33.09,3,fpl22,False,True,False
Grid_offline_ref,atax,43,False,,,buffer_placement_failed,0.52,3,fpl22,False,True,True
Grid_offline_ref,atax,44,True,61,529,none,20.56,3,fpl22,True,False,False
Grid_offline_ref,atax,45,False,,,buffer_placement_failed,0.55,3,fpl22,True,False,True
Grid_offline_ref,atax,46,True,62,530,none,33.1,3,fpl22,True,True,False
Grid_offline_ref,atax,47,False,,,buffer_placement_failed,0.52,3,fpl22,True,True,True
Grid_offline_ref,atax,48,True,49,413,none,2.91,4,on-merges,False,False,False
Grid_offline_ref,atax,49,True,54,389,none,3.27,4,on-merges,False,False,True
Grid_offline_ref,atax,50,True,48,408,none,2.99,4,on-merges,False,True,False
Grid_offline_ref,atax,51,True,53,384,none,3.42,4,on-merges,False,True,True
Grid_offline_ref,atax,52,True,51,419,none,2.84,4,on-merges,True,False,False
Grid_offline_ref,atax,53,True,56,395,none,3.22,4,on-merges,True,False,True
Grid_offline_ref,atax,54,True,50,414,none,2.8,4,on-merges,True,True,False
Grid_offline_ref,atax,55,True,55,390,none,3.17,4,on-merges,True,True,True
Grid_offline_ref,atax,56,True,55,411,none,74.95,4,fpga20,False,False,False
Grid_offline_ref,atax,57,False,,,buffer_placement_failed,0.52,4,fpga20,False,False,True
Grid_offline_ref,atax,58,True,55,404,none,109.41,4,fpga20,False,True,False
Grid_offline_ref,atax,59,False,,,buffer_placement_failed,0.52,4,fpga20,False,True,True
Grid_offline_ref,atax,60,True,57,417,none,75.37,4,fpga20,True,False,False
Grid_offline_ref,atax,61,False,,,buffer_placement_failed,0.52,4,fpga20,True,False,True
Grid_offline_ref,atax,62,True,57,410,none,109.69,4,fpga20,True,True,False
Grid_offline_ref,atax,63,False,,,buffer_placement_failed,0.52,4,fpga20,True,True,True
Grid_offline_ref,atax,64,False,,,timeout,120.1,4,fpl22,False,False,False
Grid_offline_ref,atax,65,False,,,buffer_placement_failed,0.52,4,fpl22,False,False,True
Grid_offline_ref,atax,66,False,,,timeout,120.1,4,fpl22,False,True,False
Grid_offline_ref,atax,67,False,,,buffer_placement_failed,0.51,4,fpl22,False,True,True
Grid_offline_ref,atax,68,False,,,timeout,120.1,4,fpl22,True,False,False
Grid_offline_ref,atax,69,False,,,buffer_placement_failed,0.52,4,fpl22,True,False,True
Grid_offline_ref,atax,70,False,,,timeout,120.1,4,fpl22,True,True,False
Grid_offline_ref,atax,71,False,,,buffer_placement_failed,0.51,4,fpl22,True,True,True
Grid_offline_ref,atax,72,True,49,413,none,2.92,5,on-merges,False,False,False
Grid_offline_ref,atax,73,True,54,389,none,3.28,5,on-merges,False,False,True
Grid_offline_ref,atax,74,True,48,408,none,3.01,5,on-merges,False,True,False
Grid_offline_ref,atax,75,True,53,384,none,3.46,5,on-merges,False,True,True
Grid_offline_ref,atax,76,True,51,419,none,2.84,5,on-merges,True,False,False
Grid_offline_ref,atax,77,True,56,395,none,3.22,5,on-merges,True,False,True
Grid_offline_ref,atax,78,True,50,414,none,2.76,5,on-merges,True,True,False
Grid_offline_ref,atax,79,True,55,390,none,3.31,5,on-merges,True,True,True
Grid_offline_ref,atax,80,True,59,411,none,10.39,5,fpga20,False,False,False
Grid_offline_ref,atax,81,False,,,buffer_placement_failed,0.53,5,fpga20,False,False,True
Grid_offline_ref,atax,82,True,57,402,none,9.22,5,fpga20,False,True,False
Grid_offline_ref,atax,83,False,,,buffer_placement_failed,0.54,5,fpga20,False,True,True
Grid_offline_ref,atax,84,True,61,417,none,10.0,5,fpga20,True,False,False
Grid_offline_ref,atax,85,False,,,buffer_placement_failed,0.53,5,fpga20,True,False,True
Grid_offline_ref,atax,86,True,59,408,none,8.77,5,fpga20,True,True,False
Grid_offline_ref,atax,87,False,,,buffer_placement_failed,0.52,5,fpga20,True,True,True
Grid_offline_ref,atax,88,False,,,timeout,120.1,5,fpl22,False,False,False
Grid_offline_ref,atax,89,False,,,buffer_placement_failed,0.52,5,fpl22,False,False,True
Grid_offline_ref,atax,90,False,,,timeout,120.1,5,fpl22,False,True,False
Grid_offline_ref,atax,91,False,,,buffer_placement_failed,0.52,5,fpl22,False,True,True
Grid_offline_ref,atax,92,False,,,timeout,120.1,5,fpl22,True,False,False
Grid_offline_ref,atax,93,False,,,buffer_placement_failed,0.52,5,fpl22,True,False,True
Grid_offline_ref,atax,94,False,,,timeout,120.1,5,fpl22,True,True,False
Grid_offline_ref,atax,95,False,,,buffer_placement_failed,0.52,5,fpl22,True,True,True
Grid_offline_ref,atax,96,True,49,413,none,2.89,6,on-merges,False,False,False
Grid_offline_ref,atax,97,True,54,389,none,3.25,6,on-merges,False,False,True
Grid_offline_ref,atax,98,True,48,408,none,3.0,6,on-merges,False,True,False
Grid_offline_ref,atax,99,True,53,384,none,3.42,6,on-merges,False,True,True
Grid_offline_ref,atax,100,True,51,419,none,2.85,6,on-merges,True,False,False
Grid_offline_ref,atax,101,True,56,395,none,3.24,6,on-merges,True,False,True
Grid_offline_ref,atax,102,True,50,414,none,2.77,6,on-merges,True,True,False
Grid_offline_ref,atax,103,True,55,390,none,3.13,6,on-merges,True,True,True
Grid_offline_ref,atax,104,True,56,407,none,11.71,6,fpga20,False,False,False
Grid_offline_ref,atax,105,False,,,buffer_placement_failed,0.55,6,fpga20,False,False,True
Grid_offline_ref,atax,106,True,55,400,none,11.15,6,fpga20,False,True,False
Grid_offline_ref,atax,107,False,,,buffer_placement_failed,0.54,6,fpga20,False,True,True
Grid_offline_ref,atax,108,True,58,413,none,12.01,6,fpga20,True,False,False
Grid_offline_ref,atax,109,False,,,buffer_placement_failed,0.55,6,fpga20,True,False,True
Grid_offline_ref,atax,110,True,57,406,none,11.23,6,fpga20,True,True,False
Grid_offline_ref,atax,111,False,,,buffer_placement_failed,0.54,6,fpga20,True,True,True
Grid_offline_ref,atax,112,False,,,timeout,120.1,6,fpl22,False,False,False
Grid_offline_ref,atax,113,False,,,buffer_placement_failed,0.55,6,fpl22,False,False,True
Grid_offline_ref,atax,114,False,,,timeout,120.1,6,fpl22,False,True,False
Grid_offline_ref,atax,115,False,,,buffer_placement_failed,0.52,6,fpl22,False,True,True
Grid_offline_ref,atax,116,False,,,timeout,120.1,6,fpl22,True,False,False
Grid_offline_ref,atax,117,False,,,buffer_placement_failed,0.51,6,fpl22,True,False,True
Grid_offline_ref,atax,118,False,,,timeout,120.1,6,fpl22,True,True,False
Grid_offline_ref,atax,119,False,,,buffer_placement_failed,0.53,6,fpl22,True,True,True
Grid_offline_ref,atax,120,True,49,413,none,3.05,8,on-merges,False,False,False
Grid_offline_ref,atax,121,True,54,389,none,3.4,8,on-merges,False,False,True
Grid_offline_ref,atax,122,True,48,408,none,3.07,8,on-merges,False,True,False
Grid_offline_ref,atax,123,True,53,384,none,3.46,8,on-merges,False,True,True
Grid_offline_ref,atax,124,True,51,419,none,2.87,8,on-merges,True,False,False
Grid_offline_ref,atax,125,True,56,395,none,3.2,8,on-merges,True,False,True
Grid_offline_ref,atax,126,True,50,414,none,2.76,8,on-merges,True,True,False
Grid_offline_ref,atax,127,True,55,390,none,3.15,8,on-merges,True,True,True
Grid_offline_ref,atax,128,True,57,407,none,8.55,8,fpga20,False,False,False
Grid_offline_ref,atax,129,False,,,buffer_placement_failed,0.53,8,fpga20,False,False,True
Grid_offline_ref,atax,130,True,56,400,none,9.93,8,fpga20,False,True,False
Grid_offline_ref,atax,131,False,,,buffer_placement_failed,0.52,8,fpga20,False,True,True
Grid_offline_ref,atax,132,True,59,413,none,8.73,8,fpga20,True,False,False
Grid_offline_ref,atax,133,False,,,buffer_placement_failed,0.51,8,fpga20,True,False,True
Grid_offline_ref,atax,134,True,58,406,none,10.12,8,fpga20,True,True,False
Grid_offline_ref,atax,135,False,,,buffer_placement_failed,0.55,8,fpga20,True,True,True
Grid_offline_ref,atax,136,True,60,437,none,32.75,8,fpl22,False,False,False
Grid_offline_ref,atax,137,False,,,buffer_placement_failed,0.54,8,fpl22,False,False,True
Grid_offline_ref,atax,138,True,56,428,none,42.86,8,fpl22,False,True,False
Grid_offline_ref,atax,139,False,,,buffer_placement_failed,0.52,8,fpl22,False,True,True
Grid_offline_ref,atax,140,True,62,443,none,32.59,8,fpl22,True,False,False
Grid_offline_ref,atax,141,False,,,buffer_placement_failed,0.53,8,fpl22,True,False,True
Grid_offline_ref,atax,142,True,58,434,none,43.52,8,fpl22,True,True,False
Grid_offline_ref,atax,143,False,,,buffer_placement_failed,0.52,8,fpl22,True,True,True
Grid_offline_ref,atax,144,True,49,413,none,2.96,10,on-merges,False,False,False
Grid_offline_ref,atax,145,True,54,389,none,3.32,10,on-merges,False,False,True
Grid_offline_ref,atax,146,True,48,408,none,3.03,10,on-merges,False,True,False
Grid_offline_ref,atax,147,True,53,384,none,3.51,10,on-merges,False,True,True
Grid_offline_ref,atax,148,True,51,419,none,2.91,10,on-merges,True,False,False
Grid_offline_ref,atax,149,True,56,395,none,3.23,10,on-merges,True,False,True
Grid_offline_ref,atax,150,True,50,414,none,2.79,10,on-merges,True,True,False
Grid_offline_ref,atax,151,True,55,390,none,3.19,10,on-merges,True,True,True
Grid_offline_ref,atax,152,True,57,401,none,10.65,10,fpga20,False,False,False
Grid_offline_ref,atax,153,False,,,buffer_placement_failed,0.53,10,fpga20,False,False,True
Grid_offline_ref,atax,154,True,53,390,none,9.57,10,fpga20,False,True,False
Grid_offline_ref,atax,155,False,,,buffer_placement_failed,0.53,10,fpga20,False,True,True
Grid_offline_ref,atax,156,True,59,407,none,10.58,10,fpga20,True,False,False
Grid_offline_ref,atax,157,False,,,buffer_placement_failed,0.52,10,fpga20,True,False,True
Grid_offline_ref,atax,158,True,55,396,none,9.38,10,fpga20,True,True,False
Grid_offline_ref,atax,159,False,,,buffer_placement_failed,0.54,10,fpga20,True,True,True
Grid_offline_ref,atax,160,True,58,427,none,92.65,10,fpl22,False,False,False
Grid_offline_ref,atax,161,False,,,buffer_placement_failed,0.52,10,fpl22,False,False,True
Grid_offline_ref,atax,162,True,57,422,none,116.04,10,fpl22,False,True,False
Grid_offline_ref,atax,163,False,,,buffer_placement_failed,0.52,10,fpl22,False,True,True
Grid_offline_ref,atax,164,True,60,433,none,92.61,10,fpl22,True,False,False
Grid_offline_ref,atax,165,False,,,buffer_placement_failed,0.52,10,fpl22,True,False,True
Grid_offline_ref,atax,166,True,59,428,none,117.76,10,fpl22,True,True,False
Grid_offline_ref,atax,167,False,,,buffer_placement_failed,0.52,10,fpl22,True,True,True
Grid_offline_ref,atax,168,True,49,413,none,2.9,12,on-merges,False,False,False
Grid_offline_ref,atax,169,True,54,389,none,3.28,12,on-merges,False,False,True
Grid_offline_ref,atax,170,True,48,408,none,3.0,12,on-merges,False,True,False
Grid_offline_ref,atax,171,True,53,384,none,3.41,12,on-merges,False,True,True
Grid_offline_ref,atax,172,True,51,419,none,2.84,12,on-merges,True,False,False
Grid_offline_ref,atax,173,True,56,395,none,3.21,12,on-merges,True,False,True
Grid_offline_ref,atax,174,True,50,414,none,2.76,12,on-merges,True,True,False
Grid_offline_ref,atax,175,True,55,390,none,3.13,12,on-merges,True,True,True
Grid_offline_ref,atax,176,True,55,397,none,9.32,12,fpga20,False,False,False
Grid_offline_ref,atax,177,False,,,buffer_placement_failed,0.52,12,fpga20,False,False,True
Grid_offline_ref,atax,178,True,54,390,none,9.66,12,fpga20,False,True,False
Grid_offline_ref,atax,179,False,,,buffer_placement_failed,0.51,12,fpga20,False,True,True
Grid_offline_ref,atax,180,True,57,403,none,9.3,12,fpga20,True,False,False
Grid_offline_ref,atax,181,False,,,buffer_placement_failed,0.52,12,fpga20,True,False,True
Grid_offline_ref,atax,182,True,56,396,none,9.33,12,fpga20,True,True,False
Grid_offline_ref,atax,183,False,,,buffer_placement_failed,0.51,12,fpga20,True,True,True
Grid_offline_ref,atax,184,True,61,437,none,69.24,12,fpl22,False,False,False
Grid_offline_ref,atax,185,False,,,buffer_placement_failed,0.52,12,fpl22,False,False,True
Grid_offline_ref,atax,186,True,60,428,none,42.18,12,fpl22,False,True,False
Grid_offline_ref,atax,187,False,,,buffer_placement_failed,0.52,12,fpl22,False,True,True
Grid_offline_ref,atax,188,True,63,443,none,69.25,12,fpl22,True,False,False
Grid_offline_ref,atax,189,False,,,buffer_placement_failed,0.52,12,fpl22,True,False,True
Grid_offline_ref,atax,190,True,62,434,none,42.61,12,fpl22,True,True,False
Grid_offline_ref,atax,191,False,,,buffer_placement_failed,0.51,12,fpl22,True,True,True
Grid_offline_ref,bicg,0,True,51,337,none,2.97,2,on-merges,False,False,False
Grid_offline_ref,bicg,1,True,55,319,none,3.15,2,on-merges,False,False,True
Grid_offline_ref,bicg,2,True,50,332,none,2.94,2,on-merges,False,True,False
Grid_offline_ref,bicg,3,True,54,314,none,3.11,2,on-merges,False,True,True
Grid_offline_ref,bicg,4,True,53,343,none,2.97,2,on-merges,True,False,False
Grid_offline_ref,bicg,5,True,57,325,none,3.17,2,on-merges,True,False,True
Grid_offline_ref,bicg,6,True,52,338,none,2.99,2,on-merges,True,True,False
Grid_offline_ref,bicg,7,True,56,320,none,3.28,2,on-merges,True,True,True
Grid_offline_ref,bicg,8,True,60,371,none,7.82,2,fpga20,False,False,False
Grid_offline_ref,bicg,9,False,,,buffer_placement_failed,0.52,2,fpga20,False,False,True
Grid_offline_ref,bicg,10,True,58,362,none,26.01,2,fpga20,False,True,False
Grid_offline_ref,bicg,11,False,,,buffer_placement_failed,0.52,2,fpga20,False,True,True
Grid_offline_ref,bicg,12,True,62,377,none,7.73,2,fpga20,True,False,False
Grid_offline_ref,bicg,13,False,,,buffer_placement_failed,0.51,2,fpga20,True,False,True
Grid_offline_ref,bicg,14,True,60,368,none,25.98,2,fpga20,True,True,False
Grid_offline_ref,bicg,15,False,,,buffer_placement_failed,0.52,2,fpga20,True,True,True
Grid_offline_ref,bicg,16,True,63,467,none,6.23,2,fpl22,False,False,False
Grid_offline_ref,bicg,17,False,,,buffer_placement_failed,0.52,2,fpl22,False,False,True
Grid_offline_ref,bicg,18,True,62,462,none,6.7,2,fpl22,False,True,False
Grid_offline_ref,bicg,19,False,,,buffer_placement_failed,0.52,2,fpl22,False,True,True
Grid_offline_ref,bicg,20,True,65,473,none,5.99,2,fpl22,True,False,False
Grid_offline_ref,bicg,21,False,,,buffer_placement_failed,0.51,2,fpl22,True,False,True
Grid_offline_ref,bicg,22,True,64,468,none,6.5,2,fpl22,True,True,False
Grid_offline_ref,bicg,23,False,,,buffer_placement_failed,0.52,2,fpl22,True,True,True
Grid_offline_ref,bicg,24,True,51,337,none,3.06,3,on-merges,False,False,False
Grid_offline_ref,bicg,25,True,55,319,none,3.15,3,on-merges,False,False,True
Grid_offline_ref,bicg,26,True,50,332,none,2.95,3,on-merges,False,True,False
Grid_offline_ref,bicg,27,True,54,314,none,3.06,3,on-merges,False,True,True
Grid_offline_ref,bicg,28,True,53,343,none,2.99,3,on-merges,True,False,False
Grid_offline_ref,bicg,29,True,57,325,none,3.13,3,on-merges,True,False,True
Grid_offline_ref,bicg,30,True,52,338,none,2.97,3,on-merges,True,True,False
Grid_offline_ref,bicg,31,True,56,320,none,3.27,3,on-merges,True,True,True
Grid_offline_ref,bicg,32,True,60,355,none,6.7,3,fpga20,False,False,False
Grid_offline_ref,bicg,33,False,,,buffer_placement_failed,0.52,3,fpga20,False,False,True
Grid_offline_ref,bicg,34,True,57,350,none,6.5,3,fpga20,False,True,False
Grid_offline_ref,bicg,35,False,,,buffer_placement_failed,0.52,3,fpga20,False,True,True
Grid_offline_ref,bicg,36,True,62,361,none,6.66,3,fpga20,True,False,False
Grid_offline_ref,bicg,37,False,,,buffer_placement_failed,0.52,3,fpga20,True,False,True
Grid_offline_ref,bicg,38,True,59,356,none,6.38,3,fpga20,True,True,False
Grid_offline_ref,bicg,39,False,,,buffer_placement_failed,0.52,3,fpga20,True,True,True
Grid_offline_ref,bicg,40,True,62,425,none,64.28,3,fpl22,False,False,False
Grid_offline_ref,bicg,41,False,,,buffer_placement_failed,0.51,3,fpl22,False,False,True
Grid_offline_ref,bicg,42,True,62,422,none,63.72,3,fpl22,False,True,False
Grid_offline_ref,bicg,43,False,,,buffer_placement_failed,0.52,3,fpl22,False,True,True
Grid_offline_ref,bicg,44,True,64,431,none,64.14,3,fpl22,True,False,False
Grid_offline_ref,bicg,45,False,,,buffer_placement_failed,0.52,3,fpl22,True,False,True
Grid_offline_ref,bicg,46,True,64,428,none,63.93,3,fpl22,True,True,False
Grid_offline_ref,bicg,47,False,,,buffer_placement_failed,0.52,3,fpl22,True,True,True
Grid_offline_ref,bicg,48,True,51,337,none,2.97,4,on-merges,False,False,False
Grid_offline_ref,bicg,49,True,55,319,none,3.14,4,on-merges,False,False,True
Grid_offline_ref,bicg,50,True,50,332,none,2.94,4,on-merges,False,True,False
Grid_offline_ref,bicg,51,True,54,314,none,3.09,4,on-merges,False,True,True
Grid_offline_ref,bicg,52,True,53,343,none,2.98,4,on-merges,True,False,False
Grid_offline_ref,bicg,53,True,57,325,none,3.13,4,on-merges,True,False,True
Grid_offline_ref,bicg,54,True,52,338,none,2.98,4,on-merges,True,True,False
Grid_offline_ref,bicg,55,True,56,320,none,3.25,4,on-merges,True,True,True
Grid_offline_ref,bicg,56,True,58,349,none,9.08,4,fpga20,False,False,False
Grid_offline_ref,bicg,57,False,,,buffer_placement_failed,0.52,4,fpga20,False,False,True
Grid_offline_ref,bicg,58,True,58,342,none,11.95,4,fpga20,False,True,False
Grid_offline_ref,bicg,59,False,,,buffer_placement_failed,0.52,4,fpga20,False,True,True
Grid_offline_ref,bicg,60,True,60,355,none,9.21,4,fpga20,True,False,False
Grid_offline_ref,bicg,61,False,,,buffer_placement_failed,0.53,4,fpga20,True,False,True
Grid_offline_ref,bicg,62,True,58,342,none,11.94,4,fpga20,True,True,False
Grid_offline_ref,bicg,63,False,,,buffer_placement_failed,0.51,4,fpga20,True,True,True
Grid_offline_ref,bicg,64,True,62,385,none,79.12,4,fpl22,False,False,False
Grid_offline_ref,bicg,65,False,,,buffer_placement_failed,0.51,4,fpl22,False,False,True
Grid_offline_ref,bicg,66,True,62,390,none,89.94,4,fpl22,False,True,False
Grid_offline_ref,bicg,67,False,,,buffer_placement_failed,0.51,4,fpl22,False,True,True
Grid_offline_ref,bicg,68,True,64,391,none,78.33,4,fpl22,True,False,False
Grid_offline_ref,bicg,69,False,,,buffer_placement_failed,0.52,4,fpl22,True,False,True
Grid_offline_ref,bicg,70,True,64,396,none,89.33,4,fpl22,True,True,False
Grid_offline_ref,bicg,71,False,,,buffer_placement_failed,0.52,4,fpl22,True,True,True
Grid_offline_ref,bicg,72,True,51,337,none,2.98,5,on-merges,False,False,False
Grid_offline_ref,bicg,73,True,55,319,none,3.14,5,on-merges,False,False,True
Grid_offline_ref,bicg,74,True,50,332,none,2.95,5,on-merges,False,True,False
Grid_offline_ref,bicg,75,True,54,314,none,3.09,5,on-merges,False,True,True
Grid_offline_ref,bicg,76,True,53,343,none,2.97,5,on-merges,True,False,False
Grid_offline_ref,bicg,77,True,57,325,none,3.14,5,on-merges,True,False,True
Grid_offline_ref,bicg,78,True,52,338,none,2.96,5,on-merges,True,True,False
Grid_offline_ref,bicg,79,True,56,320,none,3.31,5,on-merges,True,True,True
Grid_offline_ref,bicg,80,True,62,339,none,5.89,5,fpga20,False,False,False
Grid_offline_ref,bicg,81,False,,,buffer_placement_failed,0.52,5,fpga20,False,False,True
Grid_offline_ref,bicg,82,True,60,338,none,5.34,5,fpga20,False,True,False
Grid_offline_ref,bicg,83,False,,,buffer_placement_failed,0.52,5,fpga20,False,True,True
Grid_offline_ref,bicg,84,True,62,339,none,5.9,5,fpga20,True,False,False
Grid_offline_ref,bicg,85,False,,,buffer_placement_failed,0.52,5,fpga20,True,False,True
Grid_offline_ref,bicg,86,True,60,338,none,5.34,5,fpga20,True,True,False
Grid_offline_ref,bicg,87,False,,,buffer_placement_failed,0.52,5,fpga20,True,True,True
Grid_offline_ref,bicg,88,False,,,timeout,120.1,5,fpl22,False,False,False
Grid_offline_ref,bicg,89,False,,,buffer_placement_failed,0.51,5,fpl22,False,False,True
Grid_offline_ref,bicg,90,False,,,timeout,120.1,5,fpl22,False,True,False
Grid_offline_ref,bicg,91,False,,,buffer_placement_failed,0.52,5,fpl22,False,True,True
Grid_offline_ref,bicg,92,False,,,timeout,120.1,5,fpl22,True,False,False
Grid_offline_ref,bicg,93,False,,,buffer_placement_failed,0.51,5,fpl22,True,False,True
Grid_offline_ref,bicg,94,False,,,timeout,120.1,5,fpl22,True,True,False
Grid_offline_ref,bicg,95,False,,,buffer_placement_failed,0.51,5,fpl22,True,True,True
Grid_offline_ref,bicg,96,True,51,337,none,2.93,6,on-merges,False,False,False
Grid_offline_ref,bicg,97,True,55,319,none,3.09,6,on-merges,False,False,True
Grid_offline_ref,bicg,98,True,50,332,none,2.92,6,on-merges,False,True,False
Grid_offline_ref,bicg,99,True,54,314,none,3.12,6,on-merges,False,True,True
Grid_offline_ref,bicg,100,True,53,343,none,2.99,6,on-merges,True,False,False
Grid_offline_ref,bicg,101,True,57,325,none,3.23,6,on-merges,True,False,True
Grid_offline_ref,bicg,102,True,52,338,none,3.05,6,on-merges,True,True,False
Grid_offline_ref,bicg,103,True,56,320,none,3.28,6,on-merges,True,True,True
Grid_offline_ref,bicg,104,True,58,333,none,4.55,6,fpga20,False,False,False
Grid_offline_ref,bicg,105,False,,,buffer_placement_failed,0.52,6,fpga20,False,False,True
Grid_offline_ref,bicg,106,True,56,324,none,4.61,6,fpga20,False,True,False
Grid_offline_ref,bicg,107,False,,,buffer_placement_failed,0.52,6,fpga20,False,True,True
Grid_offline_ref,bicg,108,True,58,333,none,4.56,6,fpga20,True,False,False
Grid_offline_ref,bicg,109,False,,,buffer_placement_failed,0.52,6,fpga20,True,False,True
Grid_offline_ref,bicg,110,True,56,324,none,4.59,6,fpga20,True,True,False
Grid_offline_ref,bicg,111,False,,,buffer_placement_failed,0.51,6,fpga20,True,True,True
Grid_offline_ref,bicg,112,False,,,timeout,120.1,6,fpl22,False,False,False
Grid_offline_ref,bicg,113,False,,,buffer_placement_failed,0.52,6,fpl22,False,False,True
Grid_offline_ref,bicg,114,False,,,timeout,120.1,6,fpl22,False,True,False
Grid_offline_ref,bicg,115,False,,,buffer_placement_failed,0.51,6,fpl22,False,True,True
Grid_offline_ref,bicg,116,False,,,timeout,120.1,6,fpl22,True,False,False
Grid_offline_ref,bicg,117,False,,,buffer_placement_failed,0.52,6,fpl22,True,False,True
Grid_offline_ref,bicg,118,False,,,timeout,120.1,6,fpl22,True,True,False
Grid_offline_ref,bicg,119,False,,,buffer_placement_failed,0.52,6,fpl22,True,True,True
Grid_offline_ref,bicg,120,True,51,337,none,2.94,8,on-merges,False,False,False
Grid_offline_ref,bicg,121,True,55,319,none,3.1,8,on-merges,False,False,True
Grid_offline_ref,bicg,122,True,50,332,none,2.95,8,on-merges,False,True,False
Grid_offline_ref,bicg,123,True,54,314,none,3.08,8,on-merges,False,True,True
Grid_offline_ref,bicg,124,True,53,343,none,2.96,8,on-merges,True,False,False
Grid_offline_ref,bicg,125,True,57,325,none,3.15,8,on-merges,True,False,True
Grid_offline_ref,bicg,126,True,52,338,none,2.97,8,on-merges,True,True,False
Grid_offline_ref,bicg,127,True,56,320,none,3.3,8,on-merges,True,True,True
Grid_offline_ref,bicg,128,True,56,331,none,4.93,8,fpga20,False,False,False
Grid_offline_ref,bicg,129,False,,,buffer_placement_failed,0.53,8,fpga20,False,False,True
Grid_offline_ref,bicg,130,True,56,334,none,4.97,8,fpga20,False,True,False
Grid_offline_ref,bicg,131,False,,,buffer_placement_failed,0.52,8,fpga20,False,True,True
Grid_offline_ref,bicg,132,True,56,331,none,4.89,8,fpga20,True,False,False
Grid_offline_ref,bicg,133,False,,,buffer_placement_failed,0.52,8,fpga20,True,False,True
Grid_offline_ref,bicg,134,True,56,334,none,4.97,8,fpga20,True,True,False
Grid_offline_ref,bicg,135,False,,,buffer_placement_failed,0.55,8,fpga20,True,True,True
Grid_offline_ref,bicg,136,True,59,357,none,29.9,8,fpl22,False,False,False
Grid_offline_ref,bicg,137,False,,,buffer_placement_failed,0.52,8,fpl22,False,False,True
Grid_offline_ref,bicg,138,True,60,360,none,27.95,8,fpl22,False,True,False
Grid_offline_ref,bicg,139,False,,,buffer_placement_failed,0.52,8,fpl22,False,True,True
Grid_offline_ref,bicg,140,True,59,357,none,30.09,8,fpl22,True,False,False
Grid_offline_ref,bicg,141,False,,,buffer_placement_failed,0.52,8,fpl22,True,False,True
Grid_offline_ref,bicg,142,True,60,360,none,28.31,8,fpl22,True,True,False
Grid_offline_ref,bicg,143,False,,,buffer_placement_failed,0.52,8,fpl22,True,True,True
Grid_offline_ref,bicg,144,True,51,337,none,2.94,10,on-merges,False,False,False
Grid_offline_ref,bicg,145,True,55,319,none,3.09,10,on-merges,False,False,True
Grid_offline_ref,bicg,146,True,50,332,none,2.94,10,on-merges,False,True,False
Grid_offline_ref,bicg,147,True,54,314,none,3.08,10,on-merges,False,True,True
Grid_offline_ref,bicg,148,True,53,343,none,2.97,10,on-merges,True,False,False
Grid_offline_ref,bicg,149,True,57,325,none,3.12,10,on-merges,True,False,True
Grid_offline_ref,bicg,150,True,52,338,none,2.97,10,on-merges,True,True,False
Grid_offline_ref,bicg,151,True,56,320,none,3.28,10,on-merges,True,True,True
Grid_offline_ref,bicg,152,True,57,333,none,4.15,10,fpga20,False,False,False
Grid_offline_ref,bicg,153,False,,,buffer_placement_failed,0.51,10,fpga20,False,False,True
Grid_offline_ref,bicg,154,True,55,324,none,4.29,10,fpga20,False,True,False
Grid_offline_ref,bicg,155,False,,,buffer_placement_failed,0.51,10,fpga20,False,True,True
Grid_offline_ref,bicg,156,True,57,333,none,4.13,10,fpga20,True,False,False
Grid_offline_ref,bicg,157,False,,,buffer_placement_failed,0.52,10,fpga20,True,False,True
Grid_offline_ref,bicg,158,True,55,324,none,4.3,10,fpga20,True,True,False
Grid_offline_ref,bicg,159,False,,,buffer_placement_failed,0.52,10,fpga20,True,True,True
Grid_offline_ref,bicg,160,True,59,345,none,22.88,10,fpl22,False,False,False
Grid_offline_ref,bicg,161,False,,,buffer_placement_failed,0.52,10,fpl22,False,False,True
Grid_offline_ref,bicg,162,True,59,338,none,16.11,10,fpl22,False,True,False
Grid_offline_ref,bicg,163,False,,,buffer_placement_failed,0.52,10,fpl22,False,True,True
Grid_offline_ref,bicg,164,True,59,345,none,22.65,10,fpl22,True,False,False
Grid_offline_ref,bicg,165,False,,,buffer_placement_failed,0.52,10,fpl22,True,False,True
Grid_offline_ref,bicg,166,True,59,338,none,16.2,10,fpl22,True,True,False
Grid_offline_ref,bicg,167,False,,,buffer_placement_failed,0.53,10,fpl22,True,True,True
Grid_offline_ref,bicg,168,True,51,337,none,2.95,12,on-merges,False,False,False
Grid_offline_ref,bicg,169,True,55,319,none,3.09,12,on-merges,False,False,True
Grid_offline_ref,bicg,170,True,50,332,none,2.95,12,on-merges,False,True,False
Grid_offline_ref,bicg,171,True,54,314,none,3.08,12,on-merges,False,True,True
Grid_offline_ref,bicg,172,True,53,343,none,2.98,12,on-merges,True,False,False
Grid_offline_ref,bicg,173,True,57,325,none,3.11,12,on-merges,True,False,True
Grid_offline_ref,bicg,174,True,52,338,none,3.0,12,on-merges,True,True,False
Grid_offline_ref,bicg,175,True,56,320,none,3.25,12,on-merges,True,True,True
Grid_offline_ref,bicg,176,True,57,329,none,3.85,12,fpga20,False,False,False
Grid_offline_ref,bicg,177,False,,,buffer_placement_failed,0.52,12,fpga20,False,False,True
Grid_offline_ref,bicg,178,True,55,322,none,3.95,12,fpga20,False,True,False
Grid_offline_ref,bicg,179,False,,,buffer_placement_failed,0.51,12,fpga20,False,True,True
Grid_offline_ref,bicg,180,True,57,329,none,3.89,12,fpga20,True,False,False
Grid_offline_ref,bicg,181,False,,,buffer_placement_failed,0.52,12,fpga20,True,False,True
Grid_offline_ref,bicg,182,True,55,322,none,3.96,12,fpga20,True,True,False
Grid_offline_ref,bicg,183,False,,,buffer_placement_failed,0.52,12,fpga20,True,True,True
Grid_offline_ref,bicg,184,True,58,343,none,20.1,12,fpl22,False,False,False
Grid_offline_ref,bicg,185,False,,,buffer_placement_failed,0.52,12,fpl22,False,False,True
Grid_offline_ref,bicg,186,True,60,342,none,14.08,12,fpl22,False,True,False
Grid_offline_ref,bicg,187,False,,,buffer_placement_failed,0.52,12,fpl22,False,True,True
Grid_offline_ref,bicg,188,True,58,343,none,20.22,12,fpl22,True,False,False
Grid_offline_ref,bicg,189,False,,,buffer_placement_failed,0.52,12,fpl22,True,False,True
Grid_offline_ref,bicg,190,True,60,342,none,14.22,12,fpl22,True,True,False
Grid_offline_ref,bicg,191,False,,,buffer_placement_failed,0.52,12,fpl22,True,True,True
Grid_offline_ref,gemm,0,True,60,664,none,4.26,2,on-merges,False,False,False
Grid_offline_ref,gemm,1,True,64,537,none,4.87,2,on-merges,False,False,True
Grid_offline_ref,gemm,2,True,60,664,none,4.24,2,on-merges,False,True,False
Grid_offline_ref,gemm,3,True,64,537,none,4.85,2,on-merges,False,True,True
Grid_offline_ref,gemm,4,True,62,671,none,3.97,2,on-merges,True,False,False
Grid_offline_ref,gemm,5,True,66,544,none,4.38,2,on-merges,True,False,True
Grid_offline_ref,gemm,6,True,62,671,none,3.95,2,on-merges,True,True,False
Grid_offline_ref,gemm,7,True,66,544,none,4.52,2,on-merges,True,True,True
Grid_offline_ref,gemm,8,False,,,timeout,120.1,2,fpga20,False,False,False
Grid_offline_ref,gemm,9,False,,,buffer_placement_failed,0.58,2,fpga20,False,False,True
Grid_offline_ref,gemm,10,False,,,timeout,120.1,2,fpga20,False,True,False
Grid_offline_ref,gemm,11,False,,,buffer_placement_failed,0.59,2,fpga20,False,True,True
Grid_offline_ref,gemm,12,False,,,timeout,120.1,2,fpga20,True,False,False
Grid_offline_ref,gemm,13,False,,,buffer_placement_failed,0.58,2,fpga20,True,False,True
Grid_offline_ref,gemm,14,False,,,timeout,120.1,2,fpga20,True,True,False
Grid_offline_ref,gemm,15,False,,,buffer_placement_failed,0.58,2,fpga20,True,True,True
Grid_offline_ref,gemm,16,False,,,timeout,120.1,2,fpl22,False,False,False
Grid_offline_ref,gemm,17,False,,,buffer_placement_failed,0.58,2,fpl22,False,False,True
Grid_offline_ref,gemm,18,False,,,timeout,120.1,2,fpl22,False,True,False
Grid_offline_ref,gemm,19,False,,,buffer_placement_failed,0.58,2,fpl22,False,True,True
Grid_offline_ref,gemm,20,False,,,timeout,120.1,2,fpl22,True,False,False
Grid_offline_ref,gemm,21,False,,,buffer_placement_failed,0.58,2,fpl22,True,False,True
Grid_offline_ref,gemm,22,False,,,timeout,120.1,2,fpl22,True,True,False
Grid_offline_ref,gemm,23,False,,,buffer_placement_failed,0.58,2,fpl22,True,True,True
Grid_offline_ref,gemm,24,True,60,664,none,4.23,3,on-merges,False,False,False
Grid_offline_ref,gemm,25,True,64,537,none,4.88,3,on-merges,False,False,True
Grid_offline_ref,gemm,26,True,60,664,none,4.2,3,on-merges,False,True,False
Grid_offline_ref,gemm,27,True,64,537,none,4.67,3,on-merges,False,True,True
Grid_offline_ref,gemm,28,True,62,671,none,3.94,3,on-merges,True,False,False
Grid_offline_ref,gemm,29,True,66,544,none,4.52,3,on-merges,True,False,True
Grid_offline_ref,gemm,30,True,62,671,none,3.98,3,on-merges,True,True,False
Grid_offline_ref,gemm,31,True,66,544,none,4.39,3,on-merges,True,True,True
Grid_offline_ref,gemm,32,False,,,timeout,120.1,3,fpga20,False,False,False
Grid_offline_ref,gemm,33,False,,,buffer_placement_failed,0.58,3,fpga20,False,False,True
Grid_offline_ref,gemm,34,False,,,timeout,120.1,3,fpga20,False,True,False
Grid_offline_ref,gemm,35,False,,,buffer_placement_failed,0.58,3,fpga20,False,True,True
Grid_offline_ref,gemm,36,False,,,timeout,120.1,3,fpga20,True,False,False
Grid_offline_ref,gemm,37,False,,,buffer_placement_failed,0.58,3,fpga20,True,False,True
Grid_offline_ref,gemm,38,False,,,timeout,120.1,3,fpga20,True,True,False
Grid_offline_ref,gemm,39,False,,,buffer_placement_failed,0.59,3,fpga20,True,True,True
Grid_offline_ref,gemm,40,False,,,timeout,120.1,3,fpl22,False,False,False
Grid_offline_ref,gemm,41,False,,,buffer_placement_failed,0.59,3,fpl22,False,False,True
Grid_offline_ref,gemm,42,False,,,timeout,120.1,3,fpl22,False,True,False
Grid_offline_ref,gemm,43,False,,,buffer_placement_failed,0.58,3,fpl22,False,True,True
Grid_offline_ref,gemm,44,False,,,timeout,120.1,3,fpl22,True,False,False
Grid_offline_ref,gemm,45,False,,,buffer_placement_failed,0.58,3,fpl22,True,False,True
Grid_offline_ref,gemm,46,False,,,timeout,120.1,3,fpl22,True,True,False
Grid_offline_ref,gemm,47,False,,,buffer_placement_failed,0.58,3,fpl22,True,True,True
Grid_offline_ref,gemm,48,True,60,664,none,4.21,4,on-merges,False,False,False
Grid_offline_ref,gemm,49,True,64,537,none,4.87,4,on-merges,False,False,True
Grid_offline_ref,gemm,50,True,60,664,none,4.21,4,on-merges,False,True,False
Grid_offline_ref,gemm,51,True,64,537,none,4.86,4,on-merges,False,True,True
Grid_offline_ref,gemm,52,True,62,671,none,4.0,4,on-merges,True,False,False
Grid_offline_ref,gemm,53,True,66,544,none,4.56,4,on-merges,True,False,True
Grid_offline_ref,gemm,54,True,62,671,none,3.98,4,on-merges,True,True,False
Grid_offline_ref,gemm,55,True,66,544,none,4.52,4,on-merges,True,True,True
Grid_offline_ref,gemm,56,False,,,timeout,120.1,4,fpga20,False,False,False
Grid_offline_ref,gemm,57,False,,,buffer_placement_failed,0.58,4,fpga20,False,False,True
Grid_offline_ref,gemm,58,False,,,timeout,120.1,4,fpga20,False,True,False
Grid_offline_ref,gemm,59,False,,,buffer_placement_failed,0.58,4,fpga20,False,True,True
Grid_offline_ref,gemm,60,False,,,timeout,120.1,4,fpga20,True,False,False
Grid_offline_ref,gemm,61,False,,,buffer_placement_failed,0.59,4,fpga20,True,False,True
Grid_offline_ref,gemm,62,False,,,timeout,120.1,4,fpga20,True,True,False
Grid_offline_ref,gemm,63,False,,,buffer_placement_failed,0.58,4,fpga20,True,True,True
Grid_offline_ref,gemm,64,False,,,timeout,120.1,4,fpl22,False,False,False
Grid_offline_ref,gemm,65,False,,,buffer_placement_failed,0.59,4,fpl22,False,False,True
Grid_offline_ref,gemm,66,False,,,timeout,120.1,4,fpl22,False,True,False
Grid_offline_ref,gemm,67,False,,,buffer_placement_failed,0.59,4,fpl22,False,True,True
Grid_offline_ref,gemm,68,False,,,timeout,120.1,4,fpl22,True,False,False
Grid_offline_ref,gemm,69,False,,,buffer_placement_failed,0.59,4,fpl22,True,False,True
Grid_offline_ref,gemm,70,False,,,timeout,120.1,4,fpl22,True,True,False
Grid_offline_ref,gemm,71,False,,,buffer_placement_failed,0.59,4,fpl22,True,True,True
Grid_offline_ref,gemm,72,True,60,664,none,4.23,5,on-merges,False,False,False
Grid_offline_ref,gemm,73,True,64,537,none,4.86,5,on-merges,False,False,True
Grid_offline_ref,gemm,74,True,60,664,none,4.22,5,on-merges,False,True,False
Grid_offline_ref,gemm,75,True,64,537,none,4.85,5,on-merges,False,True,True
Grid_offline_ref,gemm,76,True,62,671,none,3.95,5,on-merges,True,False,False
Grid_offline_ref,gemm,77,True,66,544,none,4.37,5,on-merges,True,False,True
Grid_offline_ref,gemm,78,True,62,671,none,3.96,5,on-merges,True,True,False
Grid_offline_ref,gemm,79,True,66,544,none,4.52,5,on-merges,True,True,True
Grid_offline_ref,gemm,80,False,,,timeout,120.1,5,fpga20,False,False,False
Grid_offline_ref,gemm,81,False,,,buffer_placement_failed,0.58,5,fpga20,False,False,True
Grid_offline_ref,gemm,82,False,,,timeout,120.1,5,fpga20,False,True,False
Grid_offline_ref,gemm,83,False,,,buffer_placement_failed,0.58,5,fpga20,False,True,True
Grid_offline_ref,gemm,84,False,,,timeout,120.1,5,fpga20,True,False,False
Grid_offline_ref,gemm,85,False,,,buffer_placement_failed,0.58,5,fpga20,True,False,True
Grid_offline_ref,gemm,86,False,,,timeout,120.1,5,fpga20,True,True,False
Grid_offline_ref,gemm,87,False,,,buffer_placement_failed,0.58,5,fpga20,True,True,True
Grid_offline_ref,gemm,88,False,,,timeout,120.1,5,fpl22,False,False,False
Grid_offline_ref,gemm,89,False,,,buffer_placement_failed,0.58,5,fpl22,False,False,True
Grid_offline_ref,gemm,90,False,,,timeout,120.1,5,fpl22,False,True,False
Grid_offline_ref,gemm,91,False,,,buffer_placement_failed,0.63,5,fpl22,False,True,True
Grid_offline_ref,gemm,92,False,,,timeout,120.1,5,fpl22,True,False,False
Grid_offline_ref,gemm,93,False,,,buffer_placement_failed,0.58,5,fpl22,True,False,True
Grid_offline_ref,gemm,94,False,,,timeout,120.1,5,fpl22,True,True,False
Grid_offline_ref,gemm,95,False,,,buffer_placement_failed,0.59,5,fpl22,True,True,True
Grid_offline_ref,gemm,96,True,60,664,none,4.21,6,on-merges,False,False,False
Grid_offline_ref,gemm,97,True,64,537,none,4.67,6,on-merges,False,False,True
Grid_offline_ref,gemm,98,True,60,664,none,4.2,6,on-merges,False,True,False
Grid_offline_ref,gemm,99,True,64,537,none,4.69,6,on-merges,False,True,True
Grid_offline_ref,gemm,100,True,62,671,none,3.96,6,on-merges,True,False,False
Grid_offline_ref,gemm,101,True,66,544,none,4.35,6,on-merges,True,False,True
Grid_offline_ref,gemm,102,True,62,671,none,3.96,6,on-merges,True,True,False
Grid_offline_ref,gemm,103,True,66,544,none,4.52,6,on-merges,True,True,True
Grid_offline_ref,gemm,104,False,,,timeout,120.1,6,fpga20,False,False,False
Grid_offline_ref,gemm,105,False,,,buffer_placement_failed,0.58,6,fpga20,False,False,True
Grid_offline_ref,gemm,106,False,,,timeout,120.1,6,fpga20,False,True,False
Grid_offline_ref,gemm,107,False,,,buffer_placement_failed,0.58,6,fpga20,False,True,True
Grid_offline_ref,gemm,108,False,,,timeout,120.1,6,fpga20,True,False,False
Grid_offline_ref,gemm,109,False,,,buffer_placement_failed,0.58,6,fpga20,True,False,True
Grid_offline_ref,gemm,110,False,,,timeout,120.1,6,fpga20,True,True,False
Grid_offline_ref,gemm,111,False,,,buffer_placement_failed,0.58,6,fpga20,True,True,True
Grid_offline_ref,gemm,112,False,,,timeout,120.1,6,fpl22,False,False,False
Grid_offline_ref,gemm,113,False,,,buffer_placement_failed,0.58,6,fpl22,False,False,True
Grid_offline_ref,gemm,114,False,,,timeout,120.1,6,fpl22,False,True,False
Grid_offline_ref,gemm,115,False,,,buffer_placement_failed,0.58,6,fpl22,False,True,True
Grid_offline_ref,gemm,116,False,,,timeout,120.1,6,fpl22,True,False,False
Grid_offline_ref,gemm,117,False,,,buffer_placement_failed,0.58,6,fpl22,True,False,True
Grid_offline_ref,gemm,118,False,,,timeout,120.1,6,fpl22,True,True,False
Grid_offline_ref,gemm,119,False,,,buffer_placement_failed,0.58,6,fpl22,True,True,True
Grid_offline_ref,gemm,120,True,60,664,none,4.23,8,on-merges,False,False,False
Grid_offline_ref,gemm,121,True,64,537,none,4.64,8,on-merges,False,False,True
Grid_offline_ref,gemm,122,True,60,664,none,4.22,8,on-merges,False,True,False
Grid_offline_ref,gemm,123,True,64,537,none,4.82,8,on-merges,False,True,True
Grid_offline_ref,gemm,124,True,62,671,none,4.03,8,on-merges,True,False,False
Grid_offline_ref,gemm,125,True,66,544,none,4.39,8,on-merges,True,False,True
Grid_offline_ref,gemm,126,True,62,671,none,3.95,8,on-merges,True,True,False
Grid_offline_ref,gemm,127,True,66,544,none,4.55,8,on-merges,True,True,True
Grid_offline_ref,gemm,128,False,,,timeout,120.1,8,fpga20,False,False,False
Grid_offline_ref,gemm,129,False,,,buffer_placement_failed,0.59,8,fpga20,False,False,True
Grid_offline_ref,gemm,130,False,,,timeout,120.1,8,fpga20,False,True,False
Grid_offline_ref,gemm,131,False,,,buffer_placement_failed,0.58,8,fpga20,False,True,True
Grid_offline_ref,gemm,132,False,,,timeout,120.1,8,fpga20,True,False,False
Grid_offline_ref,gemm,133,False,,,buffer_placement_failed,0.59,8,fpga20,True,False,True
Grid_offline_ref,gemm,134,False,,,timeout,120.1,8,fpga20,True,True,False
Grid_offline_ref,gemm,135,False,,,buffer_placement_failed,0.59,8,fpga20,True,True,True
Grid_offline_ref,gemm,136,False,,,timeout,120.1,8,fpl22,False,False,False
Grid_offline_ref,gemm,137,False,,,buffer_placement_failed,0.59,8,fpl22,False,False,True
Grid_offline_ref,gemm,138,False,,,timeout,120.1,8,fpl22,False,True,False
Grid_offline_ref,gemm,139,False,,,buffer_placement_failed,0.59,8,fpl22,False,True,True
Grid_offline_ref,gemm,140,False,,,timeout,120.1,8,fpl22,True,False,False
Grid_offline_ref,gemm,141,False,,,buffer_placement_failed,0.58,8,fpl22,True,False,True
Grid_offline_ref,gemm,142,False,,,timeout,120.1,8,fpl22,True,True,False
Grid_offline_ref,gemm,143,False,,,buffer_placement_failed,0.58,8,fpl22,True,True,True
Grid_offline_ref,gemm,144,True,60,664,none,4.22,10,on-merges,False,False,False
Grid_offline_ref,gemm,145,True,64,537,none,4.66,10,on-merges,False,False,True
Grid_offline_ref,gemm,146,True,60,664,none,4.19,10,on-merges,False,True,False
Grid_offline_ref,gemm,147,True,64,537,none,4.85,10,on-merges,False,True,True
Grid_offline_ref,gemm,148,True,62,671,none,4.01,10,on-merges,True,False,False
Grid_offline_ref,gemm,149,True,66,544,none,4.39,10,on-merges,True,False,True
Grid_offline_ref,gemm,150,True,62,671,none,3.95,10,on-merges,True,True,False
Grid_offline_ref,gemm,151,True,66,544,none,4.37,10,on-merges,True,True,True
Grid_offline_ref,gemm,152,False,,,timeout,120.1,10,fpga20,False,False,False
Grid_offline_ref,gemm,153,False,,,buffer_placement_failed,0.59,10,fpga20,False,False,True
Grid_offline_ref,gemm,154,False,,,timeout,120.1,10,fpga20,False,True,False
Grid_offline_ref,gemm,155,False,,,buffer_placement_failed,0.58,10,fpga20,False,True,True
Grid_offline_ref,gemm,156,False,,,timeout,120.1,10,fpga20,True,False,False
Grid_offline_ref,gemm,157,False,,,buffer_placement_failed,0.58,10,fpga20,True,False,True
Grid_offline_ref,gemm,158,False,,,timeout,120.1,10,fpga20,True,True,False
Grid_offline_ref,gemm,159,False,,,buffer_placement_failed,0.58,10,fpga20,True,True,True
Grid_offline_ref,gemm,160,False,,,timeout,120.1,10,fpl22,False,False,False
Grid_offline_ref,gemm,161,False,,,buffer_placement_failed,0.58,10,fpl22,False,False,True
Grid_offline_ref,gemm,162,False,,,timeout,120.1,10,fpl22,False,True,False
Grid_offline_ref,gemm,163,False,,,buffer_placement_failed,0.58,10,fpl22,False,True,True
Grid_offline_ref,gemm,164,False,,,timeout,120.1,10,fpl22,True,False,False
Grid_offline_ref,gemm,165,False,,,buffer_placement_failed,0.59,10,fpl22,True,False,True
Grid_offline_ref,gemm,166,False,,,timeout,120.1,10,fpl22,True,True,False
Grid_offline_ref,gemm,167,False,,,buffer_placement_failed,0.59,10,fpl22,True,True,True
Grid_offline_ref,gemm,168,True,60,664,none,4.24,12,on-merges,False,False,False
Grid_offline_ref,gemm,169,True,64,537,none,4.89,12,on-merges,False,False,True
Grid_offline_ref,gemm,170,True,60,664,none,4.22,12,on-merges,False,True,False
Grid_offline_ref,gemm,171,True,64,537,none,4.84,12,on-merges,False,True,True
Grid_offline_ref,gemm,172,True,62,671,none,3.96,12,on-merges,True,False,False
Grid_offline_ref,gemm,173,True,66,544,none,4.37,12,on-merges,True,False,True
Grid_offline_ref,gemm,174,True,62,671,none,3.95,12,on-merges,True,True,False
Grid_offline_ref,gemm,175,True,66,544,none,4.34,12,on-merges,True,True,True
Grid_offline_ref,gemm,176,True,63,602,none,54.31,12,fpga20,False,False,False
Grid_offline_ref,gemm,177,False,,,buffer_placement_failed,0.58,12,fpga20,False,False,True
Grid_offline_ref,gemm,178,True,63,602,none,54.58,12,fpga20,False,True,False
Grid_offline_ref,gemm,179,False,,,buffer_placement_failed,0.58,12,fpga20,False,True,True
Grid_offline_ref,gemm,180,True,65,609,none,54.56,12,fpga20,True,False,False
Grid_offline_ref,gemm,181,False,,,buffer_placement_failed,0.58,12,fpga20,True,False,True
Grid_offline_ref,gemm,182,True,65,609,none,54.71,12,fpga20,True,True,False
Grid_offline_ref,gemm,183,False,,,buffer_placement_failed,0.58,12,fpga20,True,True,True
Grid_offline_ref,gemm,184,False,,,timeout,120.1,12,fpl22,False,False,False
Grid_offline_ref,gemm,185,False,,,buffer_placement_failed,0.58,12,fpl22,False,False,True
Grid_offline_ref,gemm,186,False,,,timeout,120.1,12,fpl22,False,True,False
Grid_offline_ref,gemm,187,False,,,buffer_placement_failed,0.58,12,fpl22,False,True,True
Grid_offline_ref,gemm,188,False,,,timeout,120.1,12,fpl22,True,False,False
Grid_offline_ref,gemm,189,False,,,buffer_placement_failed,0.58,12,fpl22,True,False,True
Grid_offline_ref,gemm,190,False,,,timeout,120.1,12,fpl22,True,True,False
Grid_offline_ref,gemm,191,False,,,buffer_placement_failed,0.59,12,fpl22,True,True,True
Grid_offline_ref,gesummv,0,True,52,421,none,3.22,2,on-merges,False,False,False
Grid_offline_ref,gesummv,1,True,57,367,none,3.3,2,on-merges,False,False,True
Grid_offline_ref,gesummv,2,True,52,421,none,3.18,2,on-merges,False,True,False
Grid_offline_ref,gesummv,3,True,57,367,none,3.29,2,on-merges,False,True,True
Grid_offline_ref,gesummv,4,True,54,429,none,3.03,2,on-merges,True,False,False
Grid_offline_ref,gesummv,5,True,59,375,none,3.47,2,on-merges,True,False,True
Grid_offline_ref,gesummv,6,True,54,429,none,3.07,2,on-merges,True,True,False
Grid_offline_ref,gesummv,7,True,59,375,none,3.46,2,on-merges,True,True,True
Grid_offline_ref,gesummv,8,True,59,463,none,16.35,2,fpga20,False,False,False
Grid_offline_ref,gesummv,9,False,,,buffer_placement_failed,0.53,2,fpga20,False,False,True
Grid_offline_ref,gesummv,10,True,59,463,none,16.37,2,fpga20,False,True,False
Grid_offline_ref,gesummv,11,False,,,buffer_placement_failed,0.52,2,fpga20,False,True,True
Grid_offline_ref,gesummv,12,True,61,471,none,16.35,2,fpga20,True,False,False
Grid_offline_ref,gesummv,13,False,,,buffer_placement_failed,0.51,2,fpga20,True,False,True
Grid_offline_ref,gesummv,14,True,61,471,none,16.3,2,fpga20,True,True,False
Grid_offline_ref,gesummv,15,False,,,buffer_placement_failed,0.52,2,fpga20,True,True,True
Grid_offline_ref,gesummv,16,True,65,629,none,12.71,2,fpl22,False,False,False
Grid_offline_ref,gesummv,17,False,,,buffer_placement_failed,0.51,2,fpl22,False,False,True
Grid_offline_ref,gesummv,18,True,65,629,none,12.95,2,fpl22,False,True,False
Grid_offline_ref,gesummv,19,False,,,buffer_placement_failed,0.52,2,fpl22,False,True,True
Grid_offline_ref,gesummv,20,True,67,637,none,12.69,2,fpl22,True,False,False
Grid_offline_ref,gesummv,21,False,,,buffer_placement_failed,0.52,2,fpl22,True,False,True
Grid_offline_ref,gesummv,22,True,67,637,none,12.71,2,fpl22,True,True,False
Grid_offline_ref,gesummv,23,False,,,buffer_placement_failed,0.52,2,fpl22,True,True,True
Grid_offline_ref,gesummv,24,True,52,421,none,3.21,3,on-merges,False,False,False
Grid_offline_ref,gesummv,25,True,57,367,none,3.25,3,on-merges,False,False,True
Grid_offline_ref,gesummv,26,True,52,421,none,3.21,3,on-merges,False,True,False
Grid_offline_ref,gesummv,27,True,57,367,none,3.28,3,on-merges,False,True,True
Grid_offline_ref,gesummv,28,True,54,429,none,3.06,3,on-merges,True,False,False
Grid_offline_ref,gesummv,29,True,59,375,none,3.49,3,on-merges,True,False,True
Grid_offline_ref,gesummv,30,True,54,429,none,3.0,3,on-merges,True,True,False
Grid_offline_ref,gesummv,31,True,59,375,none,3.46,3,on-merges,True,True,True
Grid_offline_ref,gesummv,32,True,60,443,none,30.36,3,fpga20,False,False,False
Grid_offline_ref,gesummv,33,False,,,buffer_placement_failed,0.52,3,fpga20,False,False,True
Grid_offline_ref,gesummv,34,True,60,443,none,30.47,3,fpga20,False,True,False
Grid_offline_ref,gesummv,35,False,,,buffer_placement_failed,0.52,3,fpga20,False,True,True
Grid_offline_ref,gesummv,36,True,62,451,none,30.37,3,fpga20,True,False,False
Grid_offline_ref,gesummv,37,False,,,buffer_placement_failed,0.52,3,fpga20,True,False,True
Grid_offline_ref,gesummv,38,True,62,451,none,30.43,3,fpga20,True,True,False
Grid_offline_ref,gesummv,39,False,,,buffer_placement_failed,0.52,3,fpga20,True,True,True
Grid_offline_ref,gesummv,40,False,,,timeout,120.1,3,fpl22,False,False,False
Grid_offline_ref,gesummv,41,False,,,buffer_placement_failed,0.52,3,fpl22,False,False,True
Grid_offline_ref,gesummv,42,False,,,timeout,120.1,3,fpl22,False,True,False
Grid_offline_ref,gesummv,43,False,,,buffer_placement_failed,0.52,3,fpl22,False,True,True
Grid_offline_ref,gesummv,44,False,,,timeout,120.1,3,fpl22,True,False,False
Grid_offline_ref,gesummv,45,False,,,buffer_placement_failed,0.53,3,fpl22,True,False,True
Grid_offline_ref,gesummv,46,False,,,timeout,120.1,3,fpl22,True,True,False
Grid_offline_ref,gesummv,47,False,,,buffer_placement_failed,0.52,3,fpl22,True,True,True
Grid_offline_ref,gesummv,48,True,52,421,none,3.17,4,on-merges,False,False,False
Grid_offline_ref,gesummv,49,True,57,367,none,3.27,4,on-merges,False,False,True
Grid_offline_ref,gesummv,50,True,52,421,none,3.2,4,on-merges,False,True,False
Grid_offline_ref,gesummv,51,True,57,367,none,3.3,4,on-merges,False,True,True
Grid_offline_ref,gesummv,52,True,54,429,none,3.01,4,on-merges,True,False,False
Grid_offline_ref,gesummv,53,True,59,375,none,3.47,4,on-merges,True,False,True
Grid_offline_ref,gesummv,54,True,54,429,none,3.01,4,on-merges,True,True,False
Grid_offline_ref,gesummv,55,True,59,375,none,3.47,4,on-merges,True,True,True
Grid_offline_ref,gesummv,56,True,61,431,none,66.51,4,fpga20,False,False,False
Grid_offline_ref,gesummv,57,False,,,buffer_placement_failed,0.51,4,fpga20,False,False,True
Grid_offline_ref,gesummv,58,True,61,431,none,66.54,4,fpga20,False,True,False
Grid_offline_ref,gesummv,59,False,,,buffer_placement_failed,0.51,4,fpga20,False,True,True
Grid_offline_ref,gesummv,60,True,63,439,none,66.07,4,fpga20,True,False,False
Grid_offline_ref,gesummv,61,False,,,buffer_placement_failed,0.52,4,fpga20,True,False,True
Grid_offline_ref,gesummv,62,True,63,439,none,66.59,4,fpga20,True,True,False
Grid_offline_ref,gesummv,63,False,,,buffer_placement_failed,0.52,4,fpga20,True,True,True
Grid_offline_ref,gesummv,64,False,,,timeout,120.1,4,fpl22,False,False,False
Grid_offline_ref,gesummv,65,False,,,buffer_placement_failed,0.52,4,fpl22,False,False,True
Grid_offline_ref,gesummv,66,False,,,timeout,120.1,4,fpl22,False,True,False
Grid_offline_ref,gesummv,67,False,,,buffer_placement_failed,0.52,4,fpl22,False,True,True
Grid_offline_ref,gesummv,68,False,,,timeout,120.1,4,fpl22,True,False,False
Grid_offline_ref,gesummv,69,False,,,buffer_placement_failed,0.53,4,fpl22,True,False,True
Grid_offline_ref,gesummv,70,False,,,timeout,120.1,4,fpl22,True,True,False
Grid_offline_ref,gesummv,71,False,,,buffer_placement_failed,0.52,4,fpl22,True,True,True
Grid_offline_ref,gesummv,72,True,52,421,none,3.21,5,on-merges,False,False,False
Grid_offline_ref,gesummv,73,True,57,367,none,3.33,5,on-merges,False,False,True
Grid_offline_ref,gesummv,74,True,52,421,none,3.26,5,on-merges,False,True,False
Grid_offline_ref,gesummv,75,True,57,367,none,3.31,5,on-merges,False,True,True
Grid_offline_ref,gesummv,76,True,54,429,none,3.02,5,on-merges,True,False,False
Grid_offline_ref,gesummv,77,True,59,375,none,3.49,5,on-merges,True,False,True
Grid_offline_ref,gesummv,78,True,54,429,none,3.06,5,on-merges,True,True,False
Grid_offline_ref,gesummv,79,True,59,375,none,3.49,5,on-merges,True,True,True
Grid_offline_ref,gesummv,80,True,61,421,none,7.95,5,fpga20,False,False,False
Grid_offline_ref,gesummv,81,False,,,buffer_placement_failed,0.51,5,fpga20,False,False,True
Grid_offline_ref,gesummv,82,True,61,421,none,7.96,5,fpga20,False,True,False
Grid_offline_ref,gesummv,83,False,,,buffer_placement_failed,0.52,5,fpga20,False,True,True
Grid_offline_ref,gesummv,84,True,63,433,none,8.3,5,fpga20,True,False,False
Grid_offline_ref,gesummv,85,False,,,buffer_placement_failed,0.52,5,fpga20,True,False,True
Grid_offline_ref,gesummv,86,True,63,433,none,8.28,5,fpga20,True,True,False
Grid_offline_ref,gesummv,87,False,,,buffer_placement_failed,0.52,5,fpga20,True,True,True
Grid_offline_ref,gesummv,88,False,,,timeout,120.0,5,fpl22,False,False,False
Grid_offline_ref,gesummv,89,False,,,buffer_placement_failed,0.52,5,fpl22,False,False,True
Grid_offline_ref,gesummv,90,False,,,timeout,120.1,5,fpl22,False,True,False
Grid_offline_ref,gesummv,91,False,,,buffer_placement_failed,0.52,5,fpl22,False,True,True
Grid_offline_ref,gesummv,92,False,,,timeout,120.1,5,fpl22,True,False,False
Grid_offline_ref,gesummv,93,False,,,buffer_placement_failed,0.52,5,fpl22,True,False,True
Grid_offline_ref,gesummv,94,False,,,timeout,120.1,5,fpl22,True,True,False
Grid_offline_ref,gesummv,95,False,,,buffer_placement_failed,0.52,5,fpl22,True,True,True
Grid_offline_ref,gesummv,96,True,52,421,none,3.21,6,on-merges,False,False,False
Grid_offline_ref,gesummv,97,True,57,367,none,3.29,6,on-merges,False,False,True
Grid_offline_ref,gesummv,98,True,52,421,none,3.18,6,on-merges,False,True,False
Grid_offline_ref,gesummv,99,True,57,367,none,3.29,6,on-merges,False,True,True
Grid_offline_ref,gesummv,100,True,54,429,none,3.01,6,on-merges,True,False,False
Grid_offline_ref,gesummv,101,True,59,375,none,3.47,6,on-merges,True,False,True
Grid_offline_ref,gesummv,102,True,54,429,none,3.04,6,on-merges,True,True,False
Grid_offline_ref,gesummv,103,True,59,375,none,3.46,6,on-merges,True,True,True
Grid_offline_ref,gesummv,104,True,56,411,none,6.54,6,fpga20,False,False,False
Grid_offline_ref,gesummv,105,False,,,buffer_placement_failed,0.52,6,fpga20,False,False,True
Grid_offline_ref,gesummv,106,True,56,411,none,6.57,6,fpga20,False,True,False
Grid_offline_ref,gesummv,107,False,,,buffer_placement_failed,0.52,6,fpga20,False,True,True
Grid_offline_ref,gesummv,108,True,58,423,none,6.59,6,fpga20,True,False,False
Grid_offline_ref,gesummv,109,False,,,buffer_placement_failed,0.52,6,fpga20,True,False,True
Grid_offline_ref,gesummv,110,True,58,423,none,6.63,6,fpga20,True,True,False
Grid_offline_ref,gesummv,111,False,,,buffer_placement_failed,0.52,6,fpga20,True,True,True
Grid_offline_ref,gesummv,112,False,,,timeout,120.1,6,fpl22,False,False,False
Grid_offline_ref,gesummv,113,False,,,buffer_placement_failed,0.52,6,fpl22,False,False,True
Grid_offline_ref,gesummv,114,False,,,timeout,120.1,6,fpl22,False,True,False
Grid_offline_ref,gesummv,115,False,,,buffer_placement_failed,0.51,6,fpl22,False,True,True
Grid_offline_ref,gesummv,116,False,,,timeout,120.1,6,fpl22,True,False,False
Grid_offline_ref,gesummv,117,False,,,buffer_placement_failed,0.52,6,fpl22,True,False,True
Grid_offline_ref,gesummv,118,False,,,timeout,120.1,6,fpl22,True,True,False
Grid_offline_ref,gesummv,119,False,,,buffer_placement_failed,0.52,6,fpl22,True,True,True
Grid_offline_ref,gesummv,120,True,52,421,none,3.2,8,on-merges,False,False,False
Grid_offline_ref,gesummv,121,True,57,367,none,3.27,8,on-merges,False,False,True
Grid_offline_ref,gesummv,122,True,52,421,none,3.23,8,on-merges,False,True,False
Grid_offline_ref,gesummv,123,True,57,367,none,3.28,8,on-merges,False,True,True
Grid_offline_ref,gesummv,124,True,54,429,none,3.01,8,on-merges,True,False,False
Grid_offline_ref,gesummv,125,True,59,375,none,3.45,8,on-merges,True,False,True
Grid_offline_ref,gesummv,126,True,54,429,none,3.0,8,on-merges,True,True,False
Grid_offline_ref,gesummv,127,True,59,375,none,3.44,8,on-merges,True,True,True
Grid_offline_ref,gesummv,128,True,55,411,none,6.85,8,fpga20,False,False,False
Grid_offline_ref,gesummv,129,False,,,buffer_placement_failed,0.51,8,fpga20,False,False,True
Grid_offline_ref,gesummv,130,True,55,411,none,6.86,8,fpga20,False,True,False
Grid_offline_ref,gesummv,131,False,,,buffer_placement_failed,0.52,8,fpga20,False,True,True
Grid_offline_ref,gesummv,132,True,57,423,none,6.98,8,fpga20,True,False,False
Grid_offline_ref,gesummv,133,False,,,buffer_placement_failed,0.53,8,fpga20,True,False,True
Grid_offline_ref,gesummv,134,True,57,423,none,6.96,8,fpga20,True,True,False
Grid_offline_ref,gesummv,135,False,,,buffer_placement_failed,0.51,8,fpga20,True,True,True
Grid_offline_ref,gesummv,136,False,,,timeout,120.1,8,fpl22,False,False,False
Grid_offline_ref,gesummv,137,False,,,buffer_placement_failed,0.52,8,fpl22,False,False,True
Grid_offline_ref,gesummv,138,False,,,timeout,120.1,8,fpl22,False,True,False
Grid_offline_ref,gesummv,139,False,,,buffer_placement_failed,0.51,8,fpl22,False,True,True
Grid_offline_ref,gesummv,140,False,,,timeout,120.1,8,fpl22,True,False,False
Grid_offline_ref,gesummv,141,False,,,buffer_placement_failed,0.52,8,fpl22,True,False,True
Grid_offline_ref,gesummv,142,False,,,timeout,120.1,8,fpl22,True,True,False
Grid_offline_ref,gesummv,143,False,,,buffer_placement_failed,0.52,8,fpl22,True,True,True
Grid_offline_ref,gesummv,144,True,52,421,none,3.21,10,on-merges,False,False,False
Grid_offline_ref,gesummv,145,True,57,367,none,3.3,10,on-merges,False,False,True
Grid_offline_ref,gesummv,146,True,52,421,none,3.22,10,on-merges,False,True,False
Grid_offline_ref,gesummv,147,True,57,367,none,3.31,10,on-merges,False,True,True
Grid_offline_ref,gesummv,148,True,54,429,none,3.0,10,on-merges,True,False,False
Grid_offline_ref,gesummv,149,True,59,375,none,3.49,10,on-merges,True,False,True
Grid_offline_ref,gesummv,150,True,54,429,none,3.0,10,on-merges,True,True,False
Grid_offline_ref,gesummv,151,True,59,375,none,3.45,10,on-merges,True,True,True
Grid_offline_ref,gesummv,152,True,56,411,none,7.97,10,fpga20,False,False,False
Grid_offline_ref,gesummv,153,False,,,buffer_placement_failed,0.6,10,fpga20,False,False,True
Grid_offline_ref,gesummv,154,True,56,411,none,7.99,10,fpga20,False,True,False
Grid_offline_ref,gesummv,155,False,,,buffer_placement_failed,0.52,10,fpga20,False,True,True
Grid_offline_ref,gesummv,156,True,58,423,none,8.05,10,fpga20,True,False,False
Grid_offline_ref,gesummv,157,False,,,buffer_placement_failed,0.51,10,fpga20,True,False,True
Grid_offline_ref,gesummv,158,True,58,423,none,8.07,10,fpga20,True,True,False
Grid_offline_ref,gesummv,159,False,,,buffer_placement_failed,0.52,10,fpga20,True,True,True
Grid_offline_ref,gesummv,160,True,58,433,none,71.97,10,fpl22,False,False,False
Grid_offline_ref,gesummv,161,False,,,buffer_placement_failed,0.52,10,fpl22,False,False,True
Grid_offline_ref,gesummv,162,True,58,433,none,72.28,10,fpl22,False,True,False
Grid_offline_ref,gesummv,163,False,,,buffer_placement_failed,0.54,10,fpl22,False,True,True
Grid_offline_ref,gesummv,164,True,60,445,none,72.76,10,fpl22,True,False,False
Grid_offline_ref,gesummv,165,False,,,buffer_placement_failed,0.51,10,fpl22,True,False,True
Grid_offline_ref,gesummv,166,True,60,445,none,71.78,10,fpl22,True,True,False
Grid_offline_ref,gesummv,167,False,,,buffer_placement_failed,0.52,10,fpl22,True,True,True
Grid_offline_ref,gesummv,168,True,52,421,none,3.19,12,on-merges,False,False,False
Grid_offline_ref,gesummv,169,True,57,367,none,3.27,12,on-merges,False,False,True
Grid_offline_ref,gesummv,170,True,52,421,none,3.18,12,on-merges,False,True,False
Grid_offline_ref,gesummv,171,True,57,367,none,3.31,12,on-merges,False,True,True
Grid_offline_ref,gesummv,172,True,54,429,none,3.02,12,on-merges,True,False,False
Grid_offline_ref,gesummv,173,True,59,375,none,3.5,12,on-merges,True,False,True
Grid_offline_ref,gesummv,174,True,54,429,none,3.03,12,on-merges,True,True,False
Grid_offline_ref,gesummv,175,True,59,375,none,3.46,12,on-merges,True,True,True
Grid_offline_ref,gesummv,176,True,55,403,none,4.02,12,fpga20,False,False,False
Grid_offline_ref,gesummv,177,False,,,buffer_placement_failed,0.52,12,fpga20,False,False,True
Grid_offline_ref,gesummv,178,True,55,403,none,4.02,12,fpga20,False,True,False
Grid_offline_ref,gesummv,179,False,,,buffer_placement_failed,0.52,12,fpga20,False,True,True
Grid_offline_ref,gesummv,180,True,57,415,none,4.09,12,fpga20,True,False,False
Grid_offline_ref,gesummv,181,False,,,buffer_placement_failed,0.53,12,fpga20,True,False,True
Grid_offline_ref,gesummv,182,True,57,415,none,4.11,12,fpga20,True,True,False
Grid_offline_ref,gesummv,183,False,,,buffer_placement_failed,0.53,12,fpga20,True,True,True
Grid_offline_ref,gesummv,184,False,,,timeout,120.11,12,fpl22,False,False,False
Grid_offline_ref,gesummv,185,False,,,buffer_placement_failed,0.52,12,fpl22,False,False,True
Grid_offline_ref,gesummv,186,False,,,timeout,120.1,12,fpl22,False,True,False
Grid_offline_ref,gesummv,187,False,,,buffer_placement_failed,0.52,12,fpl22,False,True,True
Grid_offline_ref,gesummv,188,False,,,timeout,120.1,12,fpl22,True,False,False
Grid_offline_ref,gesummv,189,False,,,buffer_placement_failed,0.52,12,fpl22,True,False,True
Grid_offline_ref,gesummv,190,False,,,timeout,120.1,12,fpl22,True,True,False
Grid_offline_ref,gesummv,191,False,,,buffer_placement_failed,0.52,12,fpl22,True,True,True
